name,genre,language,shirt,ein,company,dep,race,drug,car
Eustacia,Female,Assamese,XS,92-0845553,Gabvine,Research and Development,Tohono O'Odham,CHANEL PARFUMS BEAUTE,Expedition
Federica,Female,Dhivehi,XL,45-3881972,Meevee,Human Resources,Aleut,"Roberts Oxygen Company, Inc.",Neon
Liuka,Female,Telugu,XL,95-0682755,Avamm,Research and Development,Asian,Foodhold,2500
Carine,Female,Ndebele,3XL,21-4903330,Skiba,Services,Venezuelan,"Nelco Laboratories, Inc.",LeSabre
Hynda,Female,Dutch,3XL,85-0081257,Fadeo,Sales,Argentinian,McKesson Packaging Services a business unit of McKesson Corporation,New Yorker
Kara,Female,Swati,M,19-7029785,Twitternation,Marketing,Uruguayan,Mylan Phamaceuticals Inc.,Chariot
Brenda,Female,Estonian,2XL,35-9011649,Twiyo,Legal,Puerto Rican,"Paddock Laboratories, LLC",Escort
Kacie,Female,Tswana,S,84-4019948,Zoonoodle,Business Development,Pakistani,"Elizabeth Arden, Inc",LX
Bree,Female,Kashmiri,XL,24-9390586,Oyoloo,Support,Apache,"Med Resources, Inc.",Esprit Turbo
Ferris,Male,Greek,2XL,49-0444569,Feedbug,Sales,Asian,Teva Pharmaceuticals USA Inc,3500 Club Coupe
Saraann,Female,Macedonian,XS,92-6554460,Meeveo,Business Development,Argentinian,Aidarex Pharmaceuticals LLC,Escalade
Hilde,Female,Thai,XL,74-3873108,Tazz,Accounting,Central American,"SHISEIDO CO., LTD.",Navigator
Eustacia,Female,Afrikaans,XS,79-6223056,Edgeclub,Product Management,Lumbee,"Roxane Laboratories, Inc.",Entourage
Mufinella,Female,Marathi,XL,00-9860901,Devpoint,Accounting,Pakistani,Jubilant HollisterStier LLC,Envoy XL
Cello,Male,Hindi,XS,73-4528171,Tanoodle,Accounting,Cree,Washington Homeopathic Products,G
Phyllys,Female,Quechua,3XL,15-5888962,Skyble,Engineering,Alaska Native,Teva Pharmaceuticals USA Inc,Type 2
Mathian,Male,English,M,69-2112872,DabZ,Support,Blackfeet,REMEDYREPACK INC.,Tempo
Olvan,Male,Icelandic,XL,54-6502870,Tagfeed,Product Management,Uruguayan,"Teva Women's Health, Inc.",QX
Malynda,Female,Romanian,2XL,63-7979261,Wikibox,Marketing,Indonesian,REMEDYREPACK INC.,Navigator
Matteo,Male,English,2XL,73-6426218,Ozu,Marketing,Iroquois,"Physicians Total Care, Inc.",B-Series Plus
Neron,Genderfluid,Somali,S,37-9594821,Jamia,Research and Development,Comanche,Goodier Cosmetics LP,Jetta
Davey,Male,Estonian,2XL,19-0593259,Abata,Services,Cambodian,Clinical Solutions Wholesale,300ZX
Marcellina,Female,Dzongkha,S,71-5259078,Vitz,Services,Thai,Unit Dose Services,Lucerne
Ezekiel,Male,Hiri Motu,M,08-1236275,Youspan,Marketing,Yakama,Walgreen Company,Probe
Coop,Male,Dari,L,61-2588502,Trunyx,Sales,Asian Indian,State of Florida DOH Central Pharmacy,Challenger
Boniface,Male,Bengali,XS,92-6423340,Trupe,Product Management,White,Cardinal Health,R32
Freida,Female,Finnish,S,13-1318533,Skidoo,Services,Cheyenne,Apotheca Company,Dakota
Ava,Female,New Zealand Sign Language,XL,54-0754010,Livetube,Human Resources,Cuban,Neutrogena Corporation,Tribute
Tomkin,Male,Swedish,S,04-8462636,Brightdog,Legal,Uruguayan,S+,H3
Shannen,Female,Hiri Motu,XS,66-7167776,Thoughtstorm,Services,Apache,Access Business Group LLC,Tiguan
Vite,Male,Chinese,2XL,76-8974527,Bluejam,Support,Apache,Ventura Corporation LTD,MPV
Tisha,Female,Estonian,S,09-3914911,Twitterlist,Legal,Iroquois,"Physicians Total Care, Inc.",Regal
Zacharias,Male,Hungarian,2XL,38-0757749,Thoughtbridge,Accounting,Alaska Native,Covis Pharmaceuticals Inc,HHR
Leupold,Male,Chinese,S,84-6244604,Izio,Sales,White,Baxter Healthcare Corporation,Civic
Caria,Female,Icelandic,L,62-7476715,Photobug,Engineering,Chinese,McKesson Contract Packaging,CX-7
Pavlov,Male,German,XS,11-1151808,Flashspan,Product Management,Samoan,Mylan Pharmaceuticals Inc.,600
Keir,Male,Kyrgyz,XL,54-9606435,Vitz,Business Development,Cambodian,Neutrogena Corporation,F-Series
Carlene,Female,Haitian Creole,S,75-5518224,Zooveo,Accounting,Seminole,Rebel Distributors Corp,Stratus
Duky,Male,Norwegian,L,65-5425582,Kaymbo,Marketing,Spaniard,Atlantic Biologicals Corps,E-Class
Fidel,Male,Malagasy,S,88-6426651,Jamia,Marketing,Ecuadorian,"Synergy Formulas, Inc.",DeVille
Todd,Male,Kyrgyz,S,77-4274159,Yoveo,Product Management,Blackfeet,Bryant Ranch Prepack,S-Class
Arvin,Genderqueer,Oriya,XS,38-0664259,Twimbo,Accounting,Bolivian,"ALK-Abello, Inc.",Eurovan
Daniel,Male,Gujarati,M,47-3540390,Fanoodle,Human Resources,Colombian,"Nelco Laboratories, Inc.",300ZX
Lilla,Female,Irish Gaelic,3XL,27-6535487,Mymm,Business Development,Yakama,"Johnson & Johnson Consumer Products Company, Division of Johnson & Johnson Consumer Companies, Inc.",Grand Prix
Augie,Male,Burmese,S,42-0616258,Lazz,Training,Eskimo,Target Corporation,Firefly
Roberta,Female,Romanian,XS,31-2942742,Plambee,Product Management,Guatemalan,Natural Immunogenics Corp.,F150
Ava,Female,Romanian,XL,68-9584583,Leenti,Sales,Micronesian,"Aphena Pharma Solutions - Tennessee, LLC",VUE
Adair,Male,Yiddish,XS,37-8194984,Voomm,Training,Puerto Rican,BrandStorm HBC,Reliant
Myra,Female,Zulu,L,47-0683093,Thoughtmix,Business Development,South American,Aurobindo Pharma Limited,RX-7
Arline,Female,Chinese,L,31-6801932,Npath,Training,White,"PD-Rx Pharmaceuticals, Inc.",S60
Lanie,Non-binary,Lithuanian,S,15-1335441,Divavu,Sales,Pakistani,Dolgencorp Inc,TL
Web,Male,Burmese,M,71-1625680,Innotype,Support,Yakama,BluePoint Laboratories,Navigator
Venus,Female,Hiri Motu,M,98-7475634,Yodo,Engineering,Polynesian,"Sun & Skin Care Research, LLC",Legend
Ofilia,Female,Polish,3XL,55-7785652,Skyba,Services,Yaqui,TOP CARE (Topco Associates LLC),Vibe
Eba,Female,Tsonga,XS,99-3646359,Tagpad,Sales,White,"Nelco Laboratories, Inc.",Riviera
Kristo,Male,Māori,M,14-5887580,Wordpedia,Services,Paiute,AMERICAN SALES COMPANY,Justy
Demetrius,Male,Zulu,L,22-0961258,Meezzy,Business Development,Puget Sound Salish,A-S Medication Solutions LLC,Cobalt
Roanna,Female,Luxembourgish,XS,35-4903948,Skyble,Marketing,Navajo,Covis Pharmaceuticals Inc,1500
Johnnie,Male,Moldovan,L,25-9820434,Voolith,Human Resources,Tongan,"Humco Holding Group, Inc.",Corvette
Darcie,Female,Bosnian,XS,03-1973980,Lajo,Research and Development,American Indian and Alaska Native (AIAN),"Blue Cross Laboratories, Inc.",Express
Harriett,Female,Norwegian,2XL,04-0694304,Gigashots,Support,Black or African American,Rebel Distributors Corp,Montero
Yoko,Female,Tsonga,M,61-3226015,Avamba,Product Management,Paiute,Apotex Corp.,Ranger
Aubrey,Male,Telugu,M,94-1157021,Eamia,Marketing,Micronesian,Mylan Pharmaceuticals Inc.,Ram 1500 Club
Aleta,Female,Azeri,L,49-4242015,Thoughtstorm,Training,Korean,Cardinal Health,Trans Sport
Lon,Male,Aymara,3XL,99-1376802,Twitterbridge,Research and Development,Mexican,"NCS HealthCare of KY, Inc dba Vangard Labs",E-Class
Rina,Female,Quechua,XL,95-9012451,Trunyx,Engineering,Seminole,Select Brand Distributors,Pajero
Arlina,Female,Spanish,XS,26-2900460,Realbuzz,Marketing,Honduran,West-ward Pharmaceutical Corp.,Quattroporte
Sarena,Female,Gujarati,M,81-3872496,Wikivu,Business Development,Micronesian,Bryant Ranch Prepack,V8 Vantage S
Trueman,Male,Gujarati,XL,46-4720077,Zoomcast,Training,Thai,"Roxane Laboratories, Inc.",E-Series
Gertruda,Female,Indonesian,S,40-5310133,Ailane,Services,Houma,"Menper Distributors, Inc.",Ram 1500
Rayshell,Female,German,2XL,66-0591791,InnoZ,Research and Development,Menominee,A-S Medication Solutions LLC,Explorer Sport Trac
Jenna,Female,Northern Sotho,L,58-2167231,Livepath,Business Development,American Indian and Alaska Native (AIAN),Amerisource Bergen,Quattro
Husein,Male,Romanian,2XL,56-2807801,Ooba,Product Management,Osage,"Watson Laboratories, Inc.",MX-3
Janella,Female,Swahili,XS,53-6261676,Jayo,Sales,Houma,"NCS HealthCare of KY, Inc dba Vangard Labs",Tacoma
Felike,Male,Latvian,S,30-9252022,Skalith,Human Resources,Yakama,Uriel Pharmacy Inc,9-3
Marie,Female,Amharic,M,54-9132783,Flashspan,Marketing,Fijian,Duane Reade,Sorento
Wildon,Male,Kyrgyz,XS,55-1579094,Ooba,Training,Apache,REMEDYREPACK INC.,Camaro
Hirsch,Male,Hindi,2XL,39-5947567,Devshare,Support,Chickasaw,"Energique, Inc.",XR4Ti
Ange,Female,Danish,3XL,64-7324898,Edgeclub,Human Resources,Delaware,SHISEIDO AMERICAS CORPORATION,F-Series
Stinky,Male,Finnish,L,81-4762393,Brainsphere,Product Management,Yuman,Natural Health Supply,SLK-Class
Margi,Female,Bengali,L,91-8670884,Latz,Research and Development,Apache,"ACADEMY, LTD",Altima
Shep,Male,Hungarian,L,37-4601843,Tavu,Business Development,Cherokee,Premier Brands of America Inc.,Pacifica
Tonya,Polygender,Afrikaans,S,00-8133767,Feedfire,Services,Pueblo,CVS,SJ
Terrence,Male,Dzongkha,XL,75-5508378,Meedoo,Business Development,Colombian,"Aire-Master of America, Inc.",Highlander
Astra,Female,Indonesian,S,34-6296762,Topiclounge,Marketing,Alaskan Athabascan,LVMH Fragrance Brands,Rodeo
Hayden,Male,New Zealand Sign Language,XS,34-5045791,Demizz,Accounting,Sioux,"WOONSOCKET PRESCRIPTION CENTER,INCORPORATED",Tahoe
Damiano,Male,Catalan,L,87-1111954,Snaptags,Sales,Asian,"Raining Rose, Inc.",Civic Si
Geno,Male,New Zealand Sign Language,S,47-8898815,Wikivu,Human Resources,Puget Sound Salish,AGL Inhalation Therapy Co.,Grand Am
Peirce,Male,Irish Gaelic,M,82-7739123,Eadel,Training,Japanese,"Nelco Laboratories, Inc.",LX
Elisha,Polygender,Armenian,L,05-5125259,Zoonoodle,Research and Development,Tohono O'Odham,"Antigen Laboratories, Inc.",9000
Siward,Male,Oriya,XL,90-8046131,Avamm,Human Resources,Colombian,McKesson (Sunmark),C30
Wynn,Male,Bulgarian,M,91-7586012,Dabfeed,Services,Black or African American,Ferring Pharmaceuticals Inc.,Legend
Darcey,Female,Lao,XL,88-3511268,Bubbletube,Business Development,Paraguayan,Kmart Corporation,Town Car
Briant,Male,Finnish,M,32-9251354,Gabtune,Support,Dominican (Dominican Republic),Rebel Distributors Corp,T100
Cherin,Female,Tamil,XL,67-7278712,Vitz,Business Development,Crow,AnazaoHealth Corporation,Vigor
Monique,Female,Danish,3XL,30-1519942,Eazzy,Sales,Asian,Heel Inc,Breeze
Staffard,Male,Danish,S,96-7235386,Mybuzz,Services,Yaqui,HyVee Inc,Galant
Nate,Male,Hindi,XL,97-4552207,Eamia,Engineering,Chinese,"Laser Pharmaceuticals, LLC",Maxima
Lurline,Female,Bulgarian,M,13-2493753,Topdrive,Services,Black or African American,The Kroger Co,Phantom
Karyl,Female,Marathi,XS,88-8540789,Photobug,Sales,Crow,American Health Packaging,Elantra
Engracia,Female,Kashmiri,L,85-1870500,Oyondu,Services,Colombian,State of Florida DOH Central Pharmacy,Matrix
Berny,Female,Czech,3XL,74-9617115,Brightbean,Training,Creek,"Zogenix, Inc.",Tacoma
Teena,Female,Gujarati,3XL,42-4136583,Feedspan,Human Resources,Dominican (Dominican Republic),"Dispensing Solutions, Inc.",MKS
Tobe,Bigender,Swedish,M,16-3708176,Photobug,Business Development,Alaskan Athabascan,Cardinal Health,Cayenne
Patrizio,Male,Japanese,2XL,08-0315273,Eabox,Research and Development,Sioux,"PD-Rx Pharmaceuticals, Inc.",Corvair
Lena,Female,Afrikaans,2XL,62-9765828,Livetube,Human Resources,White,"Rising Pharmaceuticals, Inc",Swift
Skyler,Male,Lao,M,24-5801530,Yakitri,Human Resources,Peruvian,Procter & Gamble Manufacturing Co.,Aspire
Pepito,Male,Zulu,3XL,25-9296453,Gabcube,Business Development,Vietnamese,Sun Pharmaceutical Industries Limited,MX-6
Danni,Female,Tajik,XS,65-3381617,Avamba,Engineering,Thai,Proficient Rx LP,MX-5
Ev,Male,Spanish,S,26-0355573,Zoomlounge,Research and Development,Cree,Hikma Pharmaceutical,Mazda6
Stern,Male,Portuguese,XL,00-7364625,Riffwire,Business Development,Malaysian,Wallace Pharmaceuticals Inc.,MR2
Nikola,Male,Spanish,S,42-0469861,Oyoloo,Support,Tongan,"Nelco Laboratories, Inc.",GTO
Timmie,Male,Luxembourgish,L,03-4171271,Babbleopia,Research and Development,Asian Indian,RESOLUTIONS LLC,Safari
Morley,Male,Punjabi,L,31-7698577,Feedbug,Training,Bolivian,"Medline Industries, Inc.",Century
Alia,Bigender,Bislama,L,92-2883568,Tambee,Business Development,Apache,"SJ Creations, Inc.",IPL G
Maxim,Male,Marathi,XS,10-8139791,Zoomcast,Product Management,Lumbee,Lake Erie Medical DBA Quality Care Products LLC,612 Scaglietti
Peirce,Male,Bislama,XL,35-9092017,Viva,Support,Bolivian,"Almay, Inc",R8
Persis,Female,Tamil,S,14-1409848,Dabfeed,Legal,South American,Uriel Pharmacy Inc.,SC
Eadie,Female,Armenian,S,53-5215321,Livepath,Legal,Central American,State of Florida DOH Central Pharmacy,5 Series
Kerri,Female,Mongolian,M,51-0493562,Skyndu,Accounting,Kiowa,Virtus Pharmaceuticals LLC,Z4
Jarad,Male,Tok Pisin,L,90-3853708,Fliptune,Product Management,Blackfeet,Bryant Ranch Prepack,Sunfire
Nilson,Agender,Kyrgyz,L,12-5395984,Twitterbeat,Sales,Pima,Cantrell Drug Company,GTI
Gifford,Male,Tok Pisin,3XL,24-7153163,Quire,Human Resources,Polynesian,Chantecaille Beaute Inc,H1
Jon,Male,Punjabi,L,56-5847871,Yambee,Research and Development,Peruvian,Carilion Materials Management,MX-5
Dorette,Female,Kazakh,3XL,61-6969753,Wordify,Sales,Latin American Indian,"ALK-Abello, Inc.",New Beetle
Fleming,Male,Swahili,2XL,56-9086810,Mynte,Human Resources,Iroquois,Apotheca Company,Cougar
Rollins,Male,Sotho,XL,59-0890019,Blogspan,Legal,Black or African American,"New World Imports, Inc",Forester
Silvio,Non-binary,Chinese,2XL,41-8107228,Ntag,Engineering,Black or African American,American Health Packaging,Ram 2500
Tracy,Female,Gujarati,S,98-8486835,Gabtype,Human Resources,Cheyenne,Bryant Ranch Prepack,FX
Chery,Female,Irish Gaelic,2XL,46-9292924,Skaboo,Human Resources,Yuman,"ALK-Abello, Inc.",CLS-Class
Lori,Female,Spanish,XS,71-2754064,Chatterpoint,Legal,Kiowa,"Dolgencorp, LLC",Karif
Gretal,Female,Tetum,XS,78-9669333,Realbridge,Research and Development,Malaysian,"Golden State Medical Supply, Inc.",E350
Yale,Genderfluid,Northern Sotho,M,36-5755063,Oyoloo,Training,Argentinian,"Natural Creations, Inc.",A8
Trueman,Male,Bengali,M,24-2539744,Skynoodle,Legal,Guatemalan,Cadila Healthcare Limited,RL
Hale,Male,Gagauz,3XL,06-5768137,Zoomlounge,Engineering,Comanche,Unit Dose Services,Accent
Norby,Male,Bosnian,XL,87-2928458,Lazzy,Engineering,Cambodian,Supervalu Inc,Sequoia
Darrel,Male,Albanian,XS,11-9069002,Leenti,Training,Puerto Rican,"Allergy Laboratories, Inc.",Optima
Ardelis,Female,Malay,M,65-5538532,Zoomzone,Human Resources,Puget Sound Salish,REMEDYREPACK INC.,FJ Cruiser
Charlena,Female,Korean,XS,88-5941947,Oyondu,Accounting,Cree,Mangiacotti Floral LLC,Century
Ceciley,Female,Tamil,M,09-7395975,Quimm,Human Resources,Alaska Native,"Physicians Total Care, Inc.",Neon
Demetris,Male,Tsonga,XS,57-6972728,Reallinks,Sales,Tohono O'Odham,"Teva Women's Health, Inc.",Silverado 2500
Ignaz,Male,Somali,2XL,06-6893086,Skinte,Support,Filipino,REMEDYREPACK INC.,Sonata
Jobey,Female,Arabic,M,77-6783010,Lazz,Marketing,Pakistani,Ranbaxy Pharmaceuticals Inc.,Tracker
Rod,Polygender,Maltese,XS,61-3852019,Skajo,Product Management,Pueblo,Homeocare Laboratories,V70
Andrej,Male,Ndebele,L,93-2353090,Quinu,Training,Apache,"True Botanica, LLC",Ram
Ezekiel,Male,Aymara,S,32-3978817,Browsezoom,Human Resources,American Indian and Alaska Native (AIAN),Space Brands Limited,QX
Prisca,Female,Assamese,XS,85-1898556,Fadeo,Legal,Pakistani,Apotheca Inc.,626
Elysee,Bigender,Haitian Creole,XL,49-6164049,Muxo,Business Development,Latin American Indian,Pfizer Laboratories Div Pfizer Inc,Savana 3500
Currie,Male,Tajik,2XL,57-9824301,Gabvine,Training,Osage,TOPCO ASSOCIATES LLC,Galant
Kenneth,Male,Hungarian,XL,78-0951452,Devshare,Business Development,Cree,State of Florida DOH Central Pharmacy,Swift
Basil,Male,Montenegrin,XL,82-4853071,Browsebug,Engineering,Cherokee,Wockhardt Limited,CTS-V
Ora,Female,Swahili,XS,41-2174493,Centimia,Services,Hmong,"Accord Healthcare, Inc.",Forester
Vivyan,Female,Yiddish,3XL,11-3639061,Mita,Training,Yuman,King Bio Inc.,Camaro
Pietra,Genderqueer,Khmer,2XL,11-0804615,Topdrive,Product Management,Delaware,SPAI-SONS PHARMACEUTICAL INTERNATIONAL COSMETICS,Tracer
Harriot,Female,Albanian,XL,69-7412708,Kazu,Accounting,Laotian,"Roxane Laboratories, Inc",M Roadster
Ripley,Male,Dhivehi,M,87-6225365,Bluezoom,Human Resources,Paraguayan,"Nelco Laboratories, Inc.",9-5
Niki,Male,Luxembourgish,3XL,76-4854856,Skimia,Product Management,Spaniard,REMEDYREPACK INC.,Traverse
Nancy,Female,Kannada,XL,47-2931105,Avamba,Training,South American,AstraZeneca Pharmaceuticals LP,Suburban 1500
Chrystel,Female,Korean,M,16-0046412,Dabfeed,Human Resources,Yakama,"NCS HealthCare of KY, Inc dba Vangard Labs",LR4
Constantia,Female,German,3XL,49-1987480,Yoveo,Business Development,Choctaw,"Middlesex Gases and Technologies, Inc.",Capri
Viva,Bigender,Tsonga,2XL,89-9421351,Quaxo,Product Management,Pima,"SKINFOOD CO., LTD.",XG350
Darrin,Male,Moldovan,XS,35-7950329,Jabbertype,Product Management,Pueblo,Valeant Pharmaceuticals North America LLC,Lancer Evolution
Kimmy,Female,Indonesian,M,94-5199872,Gabtype,Business Development,Thai,"Nelco Laboratories, Inc.",Tempo
Amalie,Female,Japanese,XS,74-4427932,Wikibox,Training,Panamanian,Sancilio & Company Inc,Bronco II
Andee,Female,Malagasy,XL,31-5783999,Fivespan,Training,Chickasaw,Colgate-Palmolive Company,Touareg
Denys,Male,Kyrgyz,3XL,89-7465616,Vipe,Engineering,Chickasaw,Susanne Lang Fragrance Inc.,350Z
Alfy,Polygender,Kazakh,2XL,77-6412624,Wordtune,Business Development,Puerto Rican,Mylan Institutional Inc.,Truck
Arlinda,Female,Lithuanian,3XL,01-0940619,Eidel,Services,Choctaw,"OMP, INC.",A6
Hewe,Male,Pashto,M,28-1100760,Ntags,Research and Development,Thai,"Newton Laboratories, Inc.",MX-5
Simeon,Male,Mongolian,3XL,98-6189443,Divavu,Human Resources,Crow,Aurobindo Pharma Limited,A4
Silvanus,Male,Punjabi,L,22-3394433,Feedfish,Accounting,American Indian and Alaska Native (AIAN),Jubilant HollisterStier LLC,Regency
Tyrus,Male,Icelandic,XS,09-7096980,Riffpath,Training,Costa Rican,Procter & Gamble Manufacturing Company,Yukon XL 2500
Wilbert,Male,Gujarati,3XL,96-3470957,Brainlounge,Support,Crow,Rebel Distributors Corp,C70
Felicio,Male,Malay,XL,49-5539335,Zoombeat,Legal,Vietnamese,Rising Pharmaceuticals Inc.,Express
Moore,Male,Pashto,S,22-5669132,Aimbo,Product Management,Shoshone,Sancilio & Company Inc,Diablo
Egon,Male,Punjabi,2XL,85-5583489,Muxo,Support,Tongan,Gen-Source Rx,XL7
Dal,Male,Lithuanian,2XL,13-2184840,Roodel,Legal,South American,"NATURE REPUBLIC CO., LTD.",SJ
Helenka,Female,Catalan,XL,62-6151283,InnoZ,Engineering,Latin American Indian,"Nelco Laboratories, Inc.",Cirrus
El,Male,Swedish,S,04-2536215,Meembee,Research and Development,Malaysian,"Nelco Laboratories, Inc.",S5
Bailey,Male,Italian,2XL,31-8431219,Jaxworks,Services,American Indian and Alaska Native (AIAN),"Nelco Laboratories, Inc.",Elantra
Kipper,Male,Kazakh,M,77-9971283,Twitterlist,Human Resources,Uruguayan,"Smiths Medical ASD, INC",MDX
Mohandis,Male,Italian,XS,83-8511163,Aimbo,Marketing,Sioux,Summers Laboratories Inc,Impala
Casi,Bigender,Zulu,XL,47-8700018,Dabvine,Human Resources,Paraguayan,Tri-Coastal Design Company Inc.,Supra
Reuven,Male,Dutch,S,15-3735320,Dynabox,Business Development,South American,"NATURE REPUBLIC CO., LTD.",Rogue
Mandel,Male,Kazakh,M,48-9621244,Voolia,Research and Development,Yuman,"Actavis Pharma, Inc.",6000
Romola,Female,Persian,3XL,38-4179515,Browseblab,Accounting,Nicaraguan,STAT RX USA LLC,Grand Cherokee
Clare,Female,Swahili,L,83-3477293,Skipfire,Services,Shoshone,"Preferred Pharmaceuticals, Inc.",Camry
Chen,Genderfluid,Northern Sotho,2XL,34-9184271,Trudeo,Training,Native Hawaiian and Other Pacific Islander (NHPI),Bare Escentuals Beauty Inc.,Savana 3500
Prent,Male,Belarusian,M,22-5017031,Quamba,Research and Development,Eskimo,Major Pharmaceuticals,Tredia
Elvis,Male,Luxembourgish,M,61-0248969,Buzzbean,Legal,Chippewa,VIATREXX BIO INCORPORATED,911
Celesta,Female,Malay,2XL,80-9131261,Vidoo,Legal,Uruguayan,"Nelco Laboratories, Inc.",Rendezvous
Boony,Male,Finnish,XL,71-4128738,Eimbee,Research and Development,Colville,Conopco Inc. d/b/a Unilever,Concorde
Hinze,Male,Persian,3XL,02-8261804,Feedmix,Business Development,Sri Lankan,State of Florida DOH Central Pharmacy,XL7
Bruis,Male,West Frisian,M,82-9284031,Eimbee,Marketing,Choctaw,"Doori Cosmetics Co., Ltd",rio
Georgeta,Female,Swedish,2XL,51-1065828,Camimbo,Sales,Vietnamese,Neutrogena Corporation,200
Alfred,Male,Dhivehi,L,52-4415643,Zava,Marketing,Cambodian,Par Pharmaceutical Inc,Camry Hybrid
Edwin,Male,Arabic,L,05-6057582,Minyx,Legal,Menominee,"Antigen Laboratories, Inc.",Yaris
Romy,Female,Northern Sotho,M,53-4933537,Blogtag,Accounting,Alaska Native,"Nelco Laboratories, Inc.",Taurus
Bevin,Male,Afrikaans,L,70-7836707,Browseblab,Human Resources,Lumbee,"Synergy Formulas, Inc.",Savana 3500
Minette,Female,Azeri,XL,83-9753317,Devshare,Engineering,Cree,"ALK-Abello, Inc.",Phaeton
Alexa,Female,Aymara,XL,32-5910343,Dabtype,Accounting,Native Hawaiian,Bliss World LLC,Accord
Roseann,Female,Persian,M,13-6346030,Wikizz,Product Management,Kiowa,"ConvaTec, Inc.",Montego
Briano,Male,Papiamento,XS,00-4617281,Izio,Business Development,Ecuadorian,Neutrogena Corporation,Forenza
Tobie,Male,Kazakh,L,53-9159735,Edgeblab,Product Management,Navajo,"SJ Creations, Inc.",Navigator L
Toni,Female,Montenegrin,XS,07-1379173,Linkbuzz,Services,Ute,"THEFACESHOP CO., LTD.",Blazer
Jae,Bigender,West Frisian,XS,50-7147403,Quinu,Sales,Malaysian,WALGREEN CO.,Acclaim
Maximilian,Male,Bengali,XS,85-4167425,Dynabox,Business Development,American Indian,"Genentech, Inc.",Phantom
Emanuele,Male,Tetum,L,98-0885815,Jabberbean,Legal,Paiute,Apotheca Company,SL-Class
Judye,Female,Māori,3XL,90-6777337,Livepath,Research and Development,Colombian,Publix Super Markets Inc,Titan
Pacorro,Male,Māori,L,21-2691702,Dynazzy,Marketing,Bangladeshi,"SMASHBOX BEAUTY COSMETICS, INC",Prius
Chen,Male,Icelandic,2XL,12-2228228,Jabberbean,Human Resources,Kiowa,Sagent Pharmaceuticals,Probe
Dania,Female,Bosnian,3XL,40-5490952,Jabbercube,Training,Latin American Indian,McKesson,Outlander
Nicoline,Female,Tswana,XL,84-3244899,Avamm,Accounting,Sri Lankan,Telestar Consulting,Econoline E150
Aura,Female,Burmese,XS,58-5376502,Skyba,Accounting,Hmong,Akorn Inc.,Sierra 1500
Engracia,Female,Ndebele,XL,87-1611133,Skibox,Training,Ottawa,Cardinal Health,Truck
Sherlock,Male,Yiddish,2XL,30-9524797,Jetpulse,Support,Alaskan Athabascan,GlaxoSmithKline Consumer Healthcare LP,Intrepid
Kaycee,Female,Lao,M,23-8340321,BlogXS,Support,Korean,State of Florida DOH Central Pharmacy,Cutlass
Uta,Female,Macedonian,3XL,73-8500894,Browsetype,Sales,Blackfeet,Rite Aid,Oasis
Clementius,Male,Icelandic,M,74-2593622,Yacero,Accounting,Spaniard,Rimmel Inc.,Electra
Gregorius,Polygender,Albanian,M,13-2542876,Edgepulse,Training,Native Hawaiian and Other Pacific Islander (NHPI),"Shandong Haiyan Medical Manufacture Co., Ltd.",Sierra 3500
Tony,Female,Haitian Creole,XS,50-4780278,Photolist,Sales,Ute,Novartis Pharmaceuticals Corporation,Fillmore
Sibyl,Female,Gujarati,2XL,96-5876111,Jamia,Product Management,Honduran,Meijer Distribution Inc,Cirrus
Bartholomeo,Male,Spanish,S,09-2718302,Zoonder,Business Development,Potawatomi,Cardinal Health,Cirrus
Far,Male,Bengali,S,07-7216728,Vinte,Services,Puerto Rican,Herbion Pakistan (Pvt.) Ltd,Silverado 3500
Stephine,Female,Fijian,2XL,27-8555777,DabZ,Sales,American Indian,The Mentholatum Company,Z3
Aurel,Female,Yiddish,2XL,49-7663439,Zoonoodle,Business Development,Native Hawaiian,"PharmaDerm, A division of Fougera Pharmaceuticals Inc.",Tacoma
Hershel,Male,Icelandic,L,75-3504656,Tavu,Business Development,Uruguayan,"Jets, Sets, & Elephants Beauty Corp.",944
Fran,Female,Macedonian,2XL,40-8241222,Meetz,Accounting,Osage,Qualitest Pharmaceuticals,Ranger
Carlyn,Female,Northern Sotho,3XL,93-3756930,Myworks,Services,Native Hawaiian and Other Pacific Islander (NHPI),"International Wholesale, Inc.",Ranger
Nadya,Female,Kannada,2XL,47-0800928,Wikivu,Legal,Colville,BrandStorm HBC,Mustang
Aidan,Female,Macedonian,M,85-6485877,Topiclounge,Engineering,Sioux,Lake Erie Medical DBA Quality Care Products LLC,Dakota
Elliot,Male,Malayalam,S,59-0307379,Gigaclub,Training,Filipino,"International Labs, Inc.",Ghost
Hector,Male,Hiri Motu,S,73-4384197,Demivee,Business Development,Osage,Otsuka America Pharmaceutical Inc.,Grand Prix
Berkly,Male,Malayalam,S,68-2531809,Fivespan,Research and Development,Tongan,Natureplex LLC,M-Class
Odelia,Female,Kannada,M,02-5543778,Jaxspan,Engineering,Guatemalan,ITW Dymon,Sonoma Club Coupe
Joleen,Female,Tsonga,3XL,28-5622931,Tambee,Support,Eskimo,Washington Homeopathic Products,Sunfire
Rickie,Female,Czech,S,49-2184881,Quire,Services,Creek,Massco Dental A Division of Dunagin Pharmaceuticals,XC70
Rosie,Non-binary,Amharic,M,62-1223853,Ntag,Research and Development,Honduran,"TONYMOLY CO., LTD.",Grand Vitara
Koenraad,Male,Haitian Creole,2XL,04-6275046,Leexo,Training,Uruguayan,Jubilant HollisterStier LLC,XJ Series
Dav,Male,German,3XL,94-0696643,Skimia,Support,Uruguayan,Laboratoires Clarins S.A.,Stanza
Griffie,Male,Kashmiri,XL,76-9772659,Geba,Research and Development,Chamorro,State of Florida DOH Central Pharmacy,Ram 1500
Maura,Female,Filipino,3XL,96-8320101,Yakidoo,Services,Cree,Qualitest Pharmaceuticals,Karif
Bowie,Male,German,L,11-4331901,Feedspan,Business Development,Paraguayan,Meijer,Arnage
Ilise,Female,Georgian,L,31-7597900,Fanoodle,Business Development,Malaysian,Physicians Formula Inc,VUE
Adoree,Female,German,M,16-8938664,Bubblemix,Engineering,American Indian and Alaska Native (AIAN),"Physicians Total Care, Inc.",Colorado
Ibbie,Female,Telugu,XL,13-0661090,Quimba,Engineering,Tohono O'Odham,L Perrigo Company,Sonata
Stefania,Female,Lithuanian,M,49-7517956,Thoughtsphere,Engineering,Alaskan Athabascan,"Breckenridge Pharmaceutical, Inc.",Century
Eduard,Male,Persian,M,84-9237740,Quamba,Marketing,Honduran,Zydus Pharmaceuticals (USA) Inc.,SRX
Willi,Female,Chinese,L,83-5875593,Flashpoint,Product Management,Fijian,Hanbit Korea,Roadster
Milly,Female,Finnish,2XL,00-2414387,Trudoo,Sales,Chilean,"Allergy Laboratories, Inc.",Equator
Odilia,Female,Sotho,2XL,94-3081688,Voonyx,Engineering,Creek,The Dial Corporation,M5
Sim,Male,Maltese,XL,47-5135972,Lazz,Product Management,Cheyenne,"PD-Rx Pharmaceuticals, Inc.",RAV4
Vanya,Male,Maltese,2XL,03-1537862,Twinte,Research and Development,Mexican,American Health Packaging,Vigor
Winnah,Bigender,Albanian,XS,17-3737072,Youtags,Support,Yakama,"Roxane Laboratories, Inc",Neon
Phillie,Female,Hindi,L,04-8077761,Zoomlounge,Research and Development,Peruvian,Walgreen Company,Solara
Carleen,Female,Tetum,L,24-2940919,Livefish,Legal,Iroquois,"Effcon Laboratories, Inc.",Grand Voyager
Woodrow,Male,Filipino,S,06-4583755,Eamia,Business Development,Costa Rican,"CVS Pharmacy, Inc.",Liberty
Janine,Female,New Zealand Sign Language,3XL,04-0538451,Bubbletube,Research and Development,Bangladeshi,"X-GEN Pharmaceuticals, Inc.",Discovery
Tobe,Male,Croatian,XS,88-3071226,Jaloo,Product Management,Malaysian,"Par Pharmaceutical Companies, Inc.",Swift
Evyn,Bigender,Swati,M,97-8716288,Agivu,Sales,Asian Indian,Apotheca Company,Sierra
Harvey,Male,Icelandic,XL,50-0816191,Centidel,Services,Pima,Unit Dose Services,Yukon
Benny,Male,Catalan,XS,36-0350943,Photobug,Support,Panamanian,Dabur India Limited,Equus
Chrissy,Male,Gagauz,L,38-9483761,Twimbo,Business Development,Thai,Actavis Mid Atlantic LLC,Colorado
Cicely,Female,Bulgarian,XL,93-6323863,Gigashots,Training,Bangladeshi,Family Dollar,Esteem
Olivia,Female,Italian,3XL,66-5294616,Avavee,Training,Thai,Guerlain S.A,944
Teador,Male,Bosnian,XL,59-2403492,Skajo,Product Management,Korean,"ALK-Abello, Inc.",Z4 M
Thorin,Male,Fijian,S,64-3327780,Camimbo,Human Resources,Pima,"Pack Pharmaceuticals, LLC",Dynasty
Burgess,Male,Dari,3XL,66-3111856,Skinte,Product Management,Guamanian,"ALK-Abello, Inc.",E250
Didi,Female,Tswana,L,42-9468160,Wikido,Engineering,Costa Rican,"Aphena Pharma Solutions - Tennessee, LLC",Leganza
Nola,Bigender,Macedonian,L,20-0708679,Latz,Legal,Chickasaw,Sandoz Inc,S2000
Inessa,Female,Dzongkha,S,55-2054691,Muxo,Training,Nicaraguan,"Blenheim Pharmacal, Inc.",Tribute
Cathrin,Female,Albanian,S,23-0078365,Dabvine,Accounting,Potawatomi,ALILY (ZHANGZHOU) BATH PRODUCTS LTD.,Mazda5
Ange,Female,Maltese,S,60-6819486,Trunyx,Product Management,Tohono O'Odham,Rohto-Mentholatum (Vietnam) Co. Ltd.,Galant
Cobbie,Male,Assamese,XS,38-4997461,Jabbersphere,Support,Black or African American,REMEDYREPACK INC.,Astra
Jere,Male,Gagauz,2XL,01-1074625,Skimia,Marketing,Potawatomi,Piramal Critical Care Inc.,GS
Oran,Male,Mongolian,2XL,61-2929327,Demizz,Support,Cheyenne,Major Pharmaceuticals,Grand Cherokee
Wileen,Female,Japanese,S,55-5933573,Flipstorm,Human Resources,Sioux,"AMI Cosmetic Co.,Ltd.",Relay
Karly,Female,Punjabi,2XL,62-4567952,Trilia,Legal,Paraguayan,Rhodes Pharmaceuticals L. P.,D150
Nina,Female,Gujarati,L,17-0758090,Dablist,Services,Sri Lankan,"SJ Creations, Inc.",Tracker
Goldarina,Female,Kyrgyz,S,87-8779683,Photofeed,Sales,Yaqui,REMEDYREPACK INC.,X-Type
Minnnie,Female,Persian,2XL,62-2628535,Zooxo,Marketing,Central American,Wild Child W A Pty Ltd,CR-V
Chadd,Male,Kannada,2XL,53-5363407,Vinte,Human Resources,Honduran,"WG Critical Care, LLC",Hearse
Kassia,Polygender,Hiri Motu,M,63-0555547,Voonder,Product Management,Panamanian,Efficient Laboratories Inc,F450
Dasi,Female,Afrikaans,XL,58-4466539,Realfire,Research and Development,Paiute,L'Oreal USA Products Inc,Lancer
Leland,Female,Bosnian,L,95-1601807,Voonyx,Human Resources,Yuman,"Deseret Biologicals, Inc.",GLI
Alvera,Female,Tswana,2XL,76-6984156,Youbridge,Sales,Lumbee,"C.A Pharm Co., Ltd.",B-Series
Shurlocke,Male,Thai,L,88-2015481,Ozu,Engineering,Seminole,Deseret Biologicals,Kizashi
David,Male,Khmer,XL,41-6638621,Divavu,Sales,Potawatomi,"Bayer HealthCare LLC, Consumer Care",XJ Series
Georgena,Polygender,Chinese,2XL,92-2934232,Gevee,Training,Cuban,"Hospira, Inc.",Contour
Adelice,Female,Swahili,S,03-3939110,Mydeo,Legal,Alaska Native,"Idelle Labs, Ltd",CTS-V
Christie,Female,Malay,M,89-9091042,Trudoo,Product Management,Navajo,Topco Associates LLC,Thunderbird
Percy,Male,New Zealand Sign Language,S,58-7140149,Fivespan,Support,Bolivian,Rebel Distributors Corp,QX
Madeleine,Genderqueer,Persian,XL,50-3784188,Voomm,Legal,Indonesian,New World Imports,2500
Kirsten,Non-binary,Tsonga,M,02-7621995,Flashspan,Business Development,Lumbee,Greenstone LLC,V70
Athena,Female,Kazakh,XS,75-1915069,Voonix,Accounting,Malaysian,Pharmacia and Upjohn Company,tC
Krystal,Female,Swati,XS,34-2578758,Yata,Training,Micronesian,ALILY (ZHANGZHOU) BATH PRODUCTS LTD.,Rodeo Sport
Domini,Genderfluid,Greek,S,66-1217194,Jabbercube,Product Management,Spaniard,Clinical Solutions Wholesale,F-Series
Vyky,Female,Thai,2XL,22-2673758,Skidoo,Product Management,Cheyenne,"Fenwal, Inc.",Matrix
Caesar,Male,Azeri,L,88-6996897,Cogibox,Product Management,Argentinian,Indiana Botanic Gardens,Altima
Mickey,Male,Quechua,L,59-9098619,Ooba,Product Management,Mexican,Camber Pharmaceuticals,Express 3500
Leigh,Male,Somali,S,88-6362503,Twiyo,Research and Development,Korean,NeoStrata Company Inc.,Sequoia
Ambrosi,Male,Tok Pisin,2XL,16-6147035,Quimm,Training,Tlingit-Haida,ENCHANTE ACCESSORIES INC.,Laser
Grethel,Non-binary,Greek,XS,34-9842032,Meejo,Sales,Tongan,"Alvogen, Inc.",5000CS
Benn,Male,Maltese,3XL,60-8947490,Rhyzio,Engineering,Vietnamese,Greenstone LLC,CL-Class
Ginny,Female,Dutch,2XL,52-5647780,Dynava,Engineering,White,Healing Natural Oils LLC,SC
Rab,Agender,Irish Gaelic,3XL,11-1404118,Mita,Business Development,American Indian and Alaska Native (AIAN),"Nelco Laboratories, Inc.",323
Haily,Male,Indonesian,XL,63-6251292,Zoozzy,Support,Puget Sound Salish,"Alcon Laboratories, Inc.",MX-5
Marena,Female,West Frisian,XL,84-9621912,Youbridge,Engineering,Tongan,Sagent Pharmaceuticals,Grand Am
Hubey,Male,Latvian,M,84-7552507,Dabjam,Training,Colville,L Perrigo Company,Reatta
Aurelie,Female,Maltese,XS,09-5018946,Quimm,Training,Alaskan Athabascan,Ventura Corporation LTD.,G-Series G30
Abbe,Male,Guaraní,3XL,97-3202472,Centimia,Human Resources,Alaskan Athabascan,"McNeil Consumer Healthcare Div. McNeil-PPC, Inc",Santa Fe
Rey,Male,Fijian,3XL,01-2400841,Geba,Services,Vietnamese,Topco Associates LLC,Econoline E250
Levon,Male,Latvian,XS,11-4186775,Avavee,Services,Peruvian,"Camber Pharmaceuticals, Inc.",Escalade
Mandy,Female,Quechua,S,78-1459525,Rhynyx,Engineering,American Indian,H E B,LTD
Dulciana,Female,Swahili,L,20-8880420,Devcast,Marketing,Taiwanese,Homeocare Laboratories,TSX
Leonidas,Male,Maltese,2XL,25-8763062,Quimba,Business Development,Salvadoran,"Med-Health Pharma, LLC",Equinox
Johnette,Female,Thai,L,87-1391194,Shufflebeat,Business Development,Menominee,Hetero Drugs Limited,Mountaineer
Casie,Female,Montenegrin,M,18-7582919,Devpulse,Human Resources,Guamanian,STAT RX USA LLC,6 Series
Wally,Male,Kurdish,2XL,63-7262700,Fatz,Research and Development,Asian,SUPERVALU INC.,Taurus
Brod,Male,Quechua,S,83-5690579,Voolith,Services,Indonesian,Cardinal Health,Galant
Arman,Polygender,Indonesian,S,03-7667686,Edgeify,Legal,Ecuadorian,Citron Pharma LLC,Marauder
Kathe,Female,Gagauz,2XL,38-3391520,Wordtune,Training,Aleut,"Have and Be Co.,Ltd.",Dakota
Cletis,Male,Korean,XL,39-4695532,Yakitri,Human Resources,Melanesian,"Allure Labs, Inc.",Azure
Prudence,Female,Zulu,S,02-0622857,Zoonder,Support,Colombian,Rebel Distributors Corp,Spectra
Justino,Male,Tajik,2XL,26-1942985,Trudeo,Legal,Cuban,"Nelco Laboratories, Inc.",Avalanche
Garald,Male,Danish,XL,15-0606611,Dynazzy,Training,Pueblo,"Hospira Worldwide, Inc.",Xterra
Matty,Female,Aymara,S,65-2175359,Quatz,Accounting,Honduran,Tri-Coastal Design Company Inc.,SL-Class
Gunar,Male,Bislama,M,22-3390432,Fanoodle,Legal,Tohono O'Odham,State of Florida DOH Central Pharmacy,E150
Hedvig,Female,Quechua,XL,58-3647838,Edgetag,Engineering,Kiowa,Aidarex Pharmaceuticals LLC,Volt
Levey,Male,Tok Pisin,M,43-9285541,Innotype,Human Resources,Ecuadorian,Access Business Group International LLC,Sierra 2500
Hedwiga,Female,Tajik,2XL,71-8709409,Feedspan,Support,Menominee,"Nelco Laboratories, Inc.",X6 M
Shari,Female,Dzongkha,2XL,82-5180919,Linkbridge,Human Resources,Ute,PHARMAZEUTISCHE FABRIK DR. RECKEWEG & CO,Equinox
Tobey,Female,Somali,S,20-6014909,Jayo,Sales,Native Hawaiian,Mylan Pharmaceuticals Inc.,Mystique
Rebeca,Female,Fijian,XL,54-2024770,Centizu,Research and Development,American Indian,Cardinal Health,Dakota
Ikey,Male,Hindi,L,71-2849375,Fadeo,Training,Kiowa,A-S Medication Solutions LLC,Sonoma
Jule,Male,Tok Pisin,XL,93-9060730,Topicstorm,Legal,Chippewa,AMOREPACIFIC,GTO
Bradford,Genderfluid,Fijian,M,71-8548000,Voonix,Business Development,Indonesian,Camber Pharmaceuticals,Taurus
Joly,Female,Kashmiri,M,34-7797897,Skimia,Human Resources,Kiowa,HOMEOLAB USA INC,Jimmy
Spike,Male,Gagauz,XS,73-3344922,Kwideo,Human Resources,Guamanian,NARTEX LABORATORIOS HOMEOPATICOS SA DE CV,F150
Belle,Female,Lithuanian,L,73-0592313,Skipstorm,Sales,Taiwanese,McKesson Contract Packaging,Nubira
Lek,Male,Luxembourgish,3XL,12-1267950,Layo,Business Development,Cambodian,Target Brands,Montana SV6
Joshuah,Male,Malagasy,L,47-4504134,Voonyx,Business Development,Laotian,Sandoz Inc,CL
Wilbert,Male,Hungarian,M,68-3201738,Linklinks,Training,Black or African American,"Actavis Pharma, Inc.",Explorer Sport Trac
Phil,Male,Spanish,3XL,02-4314886,Buzzbean,Engineering,Tongan,"Preferred Pharmaceuticals, Inc",V70
Marti,Female,Moldovan,XL,36-2901329,Oba,Product Management,Melanesian,"APP Pharmaceuticals, LLC",Contour
Antonius,Male,Malayalam,2XL,05-8491813,Aibox,Marketing,Colville,LVMH Fragrance Brands,Park Avenue
Adoree,Female,Korean,2XL,26-4185770,Plambee,Services,American Indian and Alaska Native (AIAN),"Alva-Amco Pharmacal Companies, Inc.",Aveo
Erica,Female,Assamese,XS,84-6440693,Skipfire,Training,Native Hawaiian,REMEDYREPACK INC.,Accord
Helenelizabeth,Female,Azeri,XS,13-3273417,Minyx,Business Development,Chickasaw,Tender Corp dba Adventure Medical Kits,9-3
Keeley,Female,German,L,90-5626792,Yakijo,Support,Ecuadorian,Cardinal Health,Avalon
Jessalin,Female,Greek,2XL,34-1621073,Zoombox,Accounting,Ecuadorian,"Preferred Pharmaceuticals, Inc.",Horizon
Vivi,Female,Hungarian,L,28-8387913,Quimba,Legal,Sioux,Mylan Institutional Inc.,Biturbo
Vincents,Bigender,Hiri Motu,XS,09-6448775,Tagcat,Marketing,Yakama,Cintas Corp.,Enclave
Cord,Male,West Frisian,S,47-2389256,Kazu,Legal,Spaniard,"ALK-Abello, Inc.",X-Type
Lorita,Female,Indonesian,2XL,87-2455432,Meembee,Human Resources,Peruvian,KJI Industrial Co Ltd,Odyssey
Ivor,Male,Kurdish,L,79-5734255,Blogpad,Human Resources,Asian,Premiere Enterprises,S-Class
Polly,Female,Malayalam,S,94-0893194,Thoughtsphere,Services,Native Hawaiian,"Physicians Total Care, Inc.",M-Class
Hobey,Male,Telugu,S,98-5921292,Jaxworks,Engineering,Sri Lankan,"ALK-Abello, Inc.",Cabriolet
Amby,Male,Hiri Motu,L,25-0336817,Meejo,Accounting,Creek,"Golden State Medical Supply, Inc.",LX
Granthem,Male,Punjabi,XS,89-1537633,Jaxnation,Research and Development,Guatemalan,Rebel Distributors Corp,Mustang
Lark,Female,Ndebele,L,73-2765557,Gabvine,Training,Japanese,"Vi-Jon, Inc",Corvette
Angus,Male,Armenian,XL,77-0496301,Tagcat,Business Development,Indonesian,Proficient Rx,Equinox
Delaney,Polygender,Armenian,XS,22-9476466,Jayo,Product Management,Central American,Medicis Pharmaceutical Corp,Voyager
Frazer,Male,Northern Sotho,L,18-7786349,Shuffletag,Legal,Salvadoran,"AFFLABS, Affiliated Laboratories, A Division of AFFLINK",XJ Series
Orson,Male,Haitian Creole,XS,51-1014228,Thoughtbridge,Engineering,Spaniard,"Ningbo Timedo Medical Supply Co.,Ltd.",Amigo
Alistair,Polygender,Burmese,2XL,56-3516938,Kazu,Services,Central American,REMEDYREPACK INC.,V70
Lavina,Female,Nepali,M,68-5006459,Babblestorm,Services,Eskimo,BJWC,Compass
Correna,Female,Danish,M,32-4300743,Linkbridge,Accounting,Alaska Native,CVS Pharmacy,Quest
Jaquenette,Female,English,XS,60-8056414,Topicshots,Business Development,American Indian and Alaska Native (AIAN),Laboratoires Clarins S.A.,Impreza
Heindrick,Male,Kyrgyz,2XL,63-0014922,Leexo,Human Resources,Salvadoran,"CodaDose, Inc.",GTO
Rosemaria,Female,Dutch,3XL,62-9401055,Centizu,Support,Kiowa,Parfums Christian Dior,Sable
Katie,Female,Georgian,2XL,76-8664404,Mymm,Services,Colville,"SJ Creations, Inc.",M5
Aldus,Male,Hungarian,M,81-8049793,Skiptube,Research and Development,Comanche,Ventura International LTD.,S80
Elinore,Female,Swati,XL,48-9154069,Mydo,Business Development,Guatemalan,"Hospira Worldwide, Inc.",C70
Gusty,Female,English,2XL,72-9780446,Skinte,Marketing,Delaware,Medimetriks Pharmaceuticals Inc.,Golf
Callean,Male,Kashmiri,S,04-2311967,Buzzshare,Engineering,Cree,"Nelco Laboratories, Inc.",Golf
Minny,Female,Romanian,2XL,92-5823938,Talane,Support,Eskimo,Lake Erie Medical DBA Quality Care Products LLC,Camry
Genevra,Female,Moldovan,S,20-7034029,Skinix,Marketing,Vietnamese,"21st Century Homeopathics, Inc",Pilot
Sheryl,Female,Hebrew,M,36-6884692,Dynava,Training,Pueblo,Reckitt Benckiser LLC,S10
Bary,Male,Pashto,2XL,83-2051199,Zoonoodle,Marketing,Puget Sound Salish,Mission Hills S.A de C.V,Regal
Roderic,Male,Telugu,XL,30-9500987,Janyx,Training,Chinese,"Golden State Medical Supply, Inc",Express 1500
Frankie,Male,Nepali,XS,72-3489845,Livetube,Research and Development,Yuman,"PD-Rx Pharmaceuticals, Inc.",RSX
Maxy,Male,Zulu,XL,86-7623436,Miboo,Services,Chickasaw,"Fresenius Kabi USA, LLC",Terraza
Gilbertine,Female,Croatian,XL,11-8133911,Oyoba,Research and Development,Asian,Kramer Novis.,88
Xena,Female,Catalan,2XL,87-4287279,Livefish,Human Resources,Panamanian,Dr.Reddy's Laboratories Limited,Cavalier
Kayla,Female,Kurdish,M,85-5818645,Zoombeat,Engineering,Vietnamese,"Allergy Laboratories, Inc.",57S
Berkeley,Male,Dhivehi,2XL,33-5531785,Meedoo,Business Development,Puerto Rican,Covis Pharmaceuticals Inc,Altima
Thorstein,Male,Tsonga,XL,58-8559792,Rooxo,Research and Development,Uruguayan,"Infinite Therapies of Sarasota, Inc.",GTI
Rosemary,Female,Fijian,XS,54-8148922,Twitterlist,Product Management,Crow,"Sage Products, Inc.",3500
Penn,Male,Malagasy,M,69-9826211,Meemm,Business Development,Argentinian,"Deseret Biologicals, Inc.",S-Class
Finlay,Male,Tswana,XS,20-5499871,Babbleblab,Marketing,Tlingit-Haida,Reckitt Benckiser LLC,GS
Durante,Male,Oriya,3XL,53-9275127,Ozu,Training,Hmong,Rebel Distributors Corp,Eurovan
Dall,Male,Korean,2XL,16-5402882,Zoonoodle,Services,Black or African American,"Eon Labs, Inc.",Sidekick
Frannie,Female,Icelandic,3XL,06-2743480,Oyonder,Marketing,Yuman,"Forest laboratories, Inc.",Prelude
Kristoffer,Male,Danish,M,91-3480015,LiveZ,Marketing,Alaskan Athabascan,OraLabs,X6
Irvin,Male,Georgian,3XL,97-4784427,Lazz,Research and Development,Navajo,"Iluminage Beauty, Inc.",Swift
Bastien,Male,Dutch,L,98-3233243,Gigashots,Marketing,Delaware,Personal Care Products,SLK-Class
Allyn,Male,Dhivehi,2XL,92-6750877,Dynazzy,Product Management,Bolivian,STAT Rx USA LLC,GLC
Jard,Male,Lao,L,54-4234599,Chatterbridge,Training,Kiowa,Cardinal Health,Leone
Yvor,Male,Aymara,2XL,14-6635670,Livefish,Legal,Choctaw,"Mycone Dental Supply Co., Inc DBA Keystone Industries and Deepak Products Inc",Monte Carlo
Isidro,Male,Greek,XL,33-6681643,Mydeo,Support,Delaware,Cardinal Health,Ram 2500
Broderick,Male,Romanian,XL,09-6239718,Jayo,Support,Shoshone,"Preferred Pharmaceuticals, Inc.",Lanos
Catlee,Female,Portuguese,XS,19-8121444,Trupe,Accounting,Houma,REMEDYREPACK INC.,Ram 1500
Hanson,Male,Belarusian,XS,18-8645289,Avamba,Human Resources,Puget Sound Salish,"Lannett Company, Inc.",Chariot
Lauryn,Genderqueer,Persian,2XL,76-1272381,Eare,Support,Nicaraguan,"Vista Pharmaceuticals, Inc.",RX-7
Smitty,Male,Aymara,M,77-8190347,Dabvine,Business Development,Black or African American,"Liberty Pharmaceuticals, Inc.",Durango
Dominic,Male,Papiamento,XS,96-0537277,Mymm,Engineering,Argentinian,Amerisource Bergen,Camaro
Oran,Male,Dutch,L,97-9351321,Thoughtstorm,Support,Cheyenne,"IVAX Pharmaceuticals, Inc.",JUKE
Chiquia,Non-binary,Moldovan,L,96-7024870,Yamia,Marketing,Native Hawaiian and Other Pacific Islander (NHPI),REMEDYREPACK INC.,RDX
Denys,Agender,Hungarian,M,62-8231055,Photojam,Business Development,Kiowa,Cardinal Health,Mighty Max
Iseabal,Female,Aymara,3XL,76-6112120,Brightbean,Support,Nicaraguan,NARTEX LABORATORIOS HOMEOPATICOS SA DE CV,Ram Van B250
Christoffer,Male,German,XL,26-7438071,Dynabox,Business Development,Kiowa,"PruGen, Inc.",Quest
Alanson,Male,Estonian,S,10-6781342,Linkbridge,Services,Crow,"AvKARE, Inc.",GTI
Ive,Male,Bislama,3XL,74-1965752,Jaxbean,Human Resources,Peruvian,Clinical Solutions Wholsesale,Ram Van 3500
Jodi,Male,Dhivehi,3XL,65-5445253,Fliptune,Business Development,Crow,Home Sweet Homeopathics,XL-7
Wallache,Male,Macedonian,M,69-1342031,Izio,Training,Potawatomi,"Roxane Laboratories, Inc.",Escape
Joly,Female,Gagauz,3XL,09-6337891,Buzzster,Marketing,Ottawa,REMEDYREPACK INC.,Charger
Beatrice,Bigender,Fijian,3XL,28-8705275,Zoomzone,Sales,Potawatomi,"Eon Labs, Inc.",Coachbuilder
Uriel,Male,Kurdish,2XL,12-2270602,Centizu,Accounting,Melanesian,URIEL PHARMACY INC.,Cayman
Yancey,Male,Malagasy,2XL,94-2131207,Browsecat,Marketing,Cree,Conopco Inc. d/b/a Unilever,Monterey
Linnet,Female,Gagauz,L,25-8009424,Photojam,Research and Development,Eskimo,Apotheca Company,Galant
Silvio,Male,Bosnian,L,14-1618124,Yombu,Business Development,Korean,"PD-Rx Pharmaceuticals, Inc.",RX-8
Sapphire,Female,Czech,S,63-7702663,Realbridge,Sales,Spaniard,Sandoz Inc,Integra
Sinclare,Male,Maltese,M,23-4754941,Oyoyo,Product Management,Asian Indian,"Fresenius Kabi USA, LLC",Tucson
Lotti,Female,Kyrgyz,L,28-5466523,Twitterbeat,Marketing,Samoan,Jubilant HollisterStier LLC,Elantra
Doria,Female,Georgian,M,14-6189879,Quimm,Product Management,Puget Sound Salish,Novartis Pharmaceuticals Corporation,H1
Sal,Male,Romanian,XS,95-9346199,Skalith,Accounting,Eskimo,"Nelco Laboratories, Inc.",NV2500
Krystyna,Genderqueer,Hebrew,L,02-1716917,Fliptune,Legal,Tongan,"H.J. Harkins Company, Inc.",9-5
Egon,Male,Ndebele,3XL,89-0967503,Skipfire,Sales,Hmong,Supervalu Inc,Aura
Bowie,Male,Burmese,XS,59-0789887,Thoughtstorm,Accounting,Creek,"Roberts Oxygen Company, Inc.",Veracruz
Rhianna,Female,Pashto,2XL,93-0337423,Layo,Engineering,Asian,Aurobindo Pharma Limited,QX
Freddy,Genderqueer,Croatian,2XL,13-9522441,Thoughtmix,Human Resources,Sioux,REMEDYREPACK INC.,Land Cruiser
April,Female,Tswana,S,88-5661561,Yamia,Accounting,Colombian,"Nelco Laboratories, Inc.",Capri
Rhoda,Female,Māori,M,12-7492797,Eadel,Product Management,Melanesian,Bryant Ranch Prepack,Continental
Editha,Female,Persian,XS,44-2377670,Jaxspan,Services,Paraguayan,Lake Erie Medical DBA Quality Care Products LLC,F250
Rice,Male,Haitian Creole,L,78-9730295,Aibox,Marketing,White,PureLife Dental,Tracker
Domeniga,Female,Catalan,3XL,27-7905421,Blognation,Support,Ottawa,"Physicians Total Care, Inc.",LR4
Fiorenze,Female,Ndebele,S,87-4315665,Trupe,Research and Development,Korean,Legacy Pharmaceutical Packaging,EX
Franni,Female,Luxembourgish,L,80-4032000,Avavee,Business Development,Cheyenne,"Blenheim Pharmacal, Inc.",Savana 1500
Jandy,Female,Oriya,XS,24-6165377,Devcast,Training,White,AstraZeneca Pharmaceuticals LP,Ram 1500 Club
Birgit,Female,Burmese,XS,40-8499062,Mita,Services,Bolivian,"Amneal Pharmaceuticals of New York, LLC",PT Cruiser
Ramsey,Male,Croatian,XS,11-4824927,Topiczoom,Research and Development,Micronesian,Rebel Distributors Corp.,Rally Wagon G2500
Cora,Female,Catalan,XS,18-4563662,Dynabox,Sales,Black or African American,"Hospira, Inc.",M-Class
Chan,Male,Guaraní,XL,60-4952294,Wordify,Marketing,Venezuelan,"Chester Packaging, LLC",Taurus
Alberta,Genderqueer,Lao,S,24-6245609,Jabberbean,Sales,Kiowa,"Preferred Pharmaceuticals,Inc.",Daewoo Magnus
Eugene,Male,Dutch,M,69-4853883,Edgewire,Human Resources,Black or African American,"Harrison Specialty Co., Inc.",Loyale
Janessa,Female,Dhivehi,L,49-2854497,Jabbertype,Training,Colville,Heritage Pharmaceuticals Inc.,Explorer
Konstanze,Non-binary,Croatian,L,13-9216017,Agivu,Marketing,Navajo,"Bath & Body Works, Inc.",Lightning
Shawn,Male,Oriya,S,20-6665366,Izio,Engineering,Lumbee,"GOJO Industries, Inc.",Seville
Terrell,Male,Dzongkha,M,70-2732203,Voomm,Marketing,Delaware,Sunway Biotech LLC,Colorado
Lindi,Female,Hungarian,XS,07-2826804,Bluezoom,Training,Ute,"Aphena Pharma Solutions - Tennessee, LLC",Legacy
Vanya,Male,Maltese,3XL,91-8928340,Fivechat,Services,Chilean,Baxter Healthcare Corporation,Aerostar
Darcee,Female,Norwegian,3XL,42-6520237,Dabfeed,Engineering,Apache,"Church & Dwight Co., Inc.",T100
Jarib,Male,Thai,S,69-4230314,Skiba,Sales,Eskimo,Kroger Company,Passat
Selena,Non-binary,Lao,XS,77-3135834,Tagpad,Legal,Vietnamese,"PD-Rx Pharmaceuticals, Inc.",Fleetwood
Charmine,Female,Yiddish,XL,25-2153127,Brightdog,Product Management,Argentinian,"Physicians Total Care, Inc.",Verona
Nevins,Male,English,XL,47-4917439,Devcast,Accounting,Colombian,Aidarex Pharmaceuticals LLC,Rogue
Lovell,Male,Bislama,L,02-0980375,Vitz,Research and Development,Chickasaw,"Triax Pharmaceuticals, LLC",5 Series
Christie,Male,Croatian,S,52-6089471,Trudoo,Business Development,American Indian,Aurobindo Pharma Limited,Ram Wagon B350
Frans,Male,Assamese,2XL,09-2431183,Rhyzio,Product Management,Blackfeet,"Deseret Biologicals, Inc.",RL
Royal,Male,Kurdish,3XL,64-0300256,Aivee,Engineering,Eskimo,"Newton Laboratories, Inc.",LSS
Cookie,Female,French,S,42-6895720,Jaxworks,Services,Lumbee,Baxter Healthcare Corporation,Murciélago
Alphonse,Male,Dhivehi,XL,63-9398243,Geba,Support,Paraguayan,Amgen Inc,Century
Chuck,Male,Nepali,L,26-3327042,Shufflester,Support,Asian,A-S Medication Solutions LLC,LX
Wini,Female,Macedonian,L,46-4191638,Mynte,Training,Argentinian,OUR FAMILY (Nash Finch Company),Defender 110
Evvy,Female,Assamese,L,31-5963800,Skimia,Engineering,Nicaraguan,J. A. Cosmetics U.S. INC,H2
Olvan,Male,Fijian,L,72-2302072,Livefish,Services,Kiowa,Feelgood Health,Millenia
Elspeth,Genderfluid,Filipino,XL,98-2279809,Yabox,Services,Sioux,"Roxane Laboratories, Inc.",Dakota Club
Tansy,Female,Punjabi,L,20-9975787,Blogtags,Research and Development,Asian,Amerisource Bergen,Escalade EXT
Glen,Male,Moldovan,2XL,70-7492168,Edgepulse,Sales,Colombian,"BioActive Nutritional, Inc.",Frontier
Billie,Polygender,Chinese,S,59-3437188,Twitterbridge,Accounting,Honduran,"Concept Laboratories, Inc.",Safari
Jaymee,Female,Pashto,3XL,94-2516830,Reallinks,Training,Ottawa,"Graceway Pharmaceuticals, LLC",Wrangler
Wang,Male,Spanish,S,21-9341357,Oyoba,Research and Development,Guatemalan,"Upsher-Smith Laboratories, Inc.",GTO
Mitchell,Male,Albanian,S,33-1258914,Twimbo,Support,Paiute,"Physicians Total Care, Inc.",LTD Crown Victoria
Alix,Male,Arabic,3XL,18-4315435,Ntag,Legal,Korean,Chromate Industrial Corporation,Supra
Olav,Male,Indonesian,S,34-1313528,Youtags,Marketing,Samoan,Cardinal Health (Leader),530
Mirilla,Polygender,Amharic,L,79-2531424,Flipstorm,Services,Central American,Energizer Personal Care LLC,Rodeo
Alanah,Female,German,L,61-2451710,Wikibox,Support,Yakama,Vi-Jon,Topaz
Vasily,Male,Assamese,3XL,57-8203953,Browsedrive,Support,Tohono O'Odham,"Nelco Laboratories, Inc.",Amanti
Valenka,Female,Icelandic,3XL,92-4798235,Abata,Engineering,Ecuadorian,Cardinal Health,LHS
Aldis,Male,Oriya,2XL,28-4360670,Blognation,Human Resources,Sri Lankan,Focus Health Group,Navigator
Genni,Female,Swedish,XS,36-1297196,Topicblab,Marketing,Ecuadorian,Merck Sharp & Dohme Corp.,Mustang
Nealy,Male,Kashmiri,L,54-5233348,Realfire,Legal,Lumbee,ANIP Acquisition Company,Navajo
Linda,Female,Luxembourgish,S,90-9751694,Ozu,Product Management,Colombian,"Safetec of America, Inc.",Tempo
Maurits,Male,Catalan,L,98-2113864,Aimbo,Support,Fijian,"Golden State Medical Supply, Inc.",Dakota Club
Elliot,Male,Bosnian,XL,67-3363137,Gigaclub,Support,Chamorro,Apotheca Company,Spyder
Konstance,Female,Malagasy,M,13-9885435,Gigaclub,Research and Development,Bolivian,Baxter Healthcare Corporation,Brooklands
Haley,Female,Afrikaans,M,82-9913731,Skivee,Accounting,Chippewa,Bristol-Myers Squibb Pharma Company,GTO
Ive,Male,Quechua,3XL,02-6822937,Eadel,Legal,Honduran,"Nelco Laboratories, Inc.",Mirage
Cullan,Male,Amharic,XS,45-9131459,Quamba,Training,Ute,Rebel Distributors Corp,Town Car
Lucilia,Female,Albanian,XS,73-5519325,Skipfire,Support,Guamanian,Quality Home Products,XJ Series
Kerrin,Female,Bislama,3XL,62-1824764,Browsedrive,Accounting,Delaware,Uriel Pharmacy Inc.,RL
Blake,Female,Assamese,2XL,76-3904818,Thoughtworks,Services,Shoshone,Walgreens,Grand Am
Austine,Female,Korean,XL,27-5085197,Dabjam,Product Management,Polynesian,King Bio Inc.,Sentra
Claudetta,Female,Guaraní,3XL,98-8250884,Fliptune,Engineering,Uruguayan,Bryant Ranch Prepack,Grand Prix
Lucretia,Female,Māori,L,42-6862440,Blogtag,Support,Ute,WOCKHARDT LIMITED,Diablo
Sawyere,Male,Kurdish,M,55-5774348,Oyope,Training,Creek,TROY MANUFACTURING,riolet
Idalina,Female,Northern Sotho,XL,01-3866629,Zava,Marketing,Paiute,A-S Medication Solutions LLC,DTS
Dino,Male,Tok Pisin,L,53-4831746,Rhycero,Human Resources,Puget Sound Salish,Topco Associates LLC,Villager
Ludwig,Male,German,M,40-8531587,Yodel,Human Resources,Polynesian,"Kareway Product, Inc.",Avenger
Ignatius,Male,Kyrgyz,2XL,66-5773654,Twitterbeat,Human Resources,Kiowa,Jubilant HollisterStier LLC,Tracker
Hadria,Agender,Swati,M,92-8260118,Agimba,Business Development,Fijian,"Eycnan, LLC",GranSport
Marina,Female,English,XL,55-0531067,Layo,Services,Ecuadorian,BioActive Nutritional,90
Nerty,Female,Kashmiri,L,52-8136329,Flipbug,Human Resources,Asian,"American Regent, Inc.",500SL
Earvin,Male,Pashto,3XL,34-3012517,Devify,Product Management,Houma,"Daiichi Sankyo, Inc.",Roadmaster
Lanita,Female,Bulgarian,M,15-3411110,Tagtune,Support,Korean,Baxter Healthcare Corporation,9000
Lammond,Male,Kannada,3XL,15-6703447,Gigazoom,Engineering,Bolivian,"PD-Rx Pharmaceuticals, Inc.",B-Series Plus
Anastasia,Female,Luxembourgish,XS,58-5075889,Avamba,Training,Mexican,"Antigen Laboratories, Inc.",S80
Kayne,Male,Dzongkha,S,38-4001375,Janyx,Human Resources,Shoshone,Major Pharmaceuticals,CR-V
Allistir,Male,Punjabi,XL,52-7274819,Photojam,Legal,Kiowa,Clinical Solutions Wholesale,G
Cody,Female,Romanian,3XL,31-2507220,Jabberbean,Legal,Thai,Lake Erie Medical DBA Quality Care Products LLC,G
Patrick,Male,Pashto,3XL,97-1841368,Fivechat,Business Development,Cherokee,Sandoz Inc,Charger
Adams,Male,English,XS,78-5964656,Voonder,Legal,Osage,Target Corporation,599 GTB Fiorano
Flinn,Male,Somali,L,36-5677552,Bluezoom,Engineering,Blackfeet,REMEDYREPACK INC.,XC90
Ema,Female,Marathi,XS,93-8491989,Topdrive,Sales,Costa Rican,"CVS Pharmacy, Inc",Z3
Kim,Female,Hindi,XL,91-5050944,Buzzshare,Services,Sri Lankan,Safeway,ZDX
Clemens,Male,Dutch,M,95-4152616,Devify,Accounting,Houma,Rebel Distributors Corp,GTI
Gabbie,Male,Bengali,M,16-4041428,Zooveo,Sales,Lumbee,"Hospira, Inc.",Prelude
Theobald,Male,Northern Sotho,S,93-1093685,Rhyzio,Marketing,Potawatomi,Contract Pharmacy Services-PA,6 Series
Zsa zsa,Female,Spanish,S,57-8461099,Jaxnation,Support,Honduran,Sandoz Inc,Ram Van 2500
Andie,Male,Afrikaans,2XL,66-8486990,Mynte,Product Management,Tlingit-Haida,Conopco Inc. d/b/a Unilever,Concorde
Ade,Male,Japanese,XL,78-7725240,Skipstorm,Legal,Filipino,"Lannett Company, Inc.",Ram 3500
Ozzy,Male,Czech,3XL,83-9696019,Fadeo,Accounting,Nicaraguan,YVES ROCHER NORTH AMERICA INC,Exige
Bennett,Male,Latvian,S,57-2465715,Gigaclub,Marketing,Venezuelan,"Hospira, Inc.",F250
Giffy,Genderfluid,Luxembourgish,XL,98-0153540,Abatz,Legal,Korean,"Alcon Laboratories, Inc.",Equinox
Klemens,Male,Arabic,2XL,51-2881393,Brainbox,Support,Spaniard,Jubilant HollisterStier LLC,Sebring
Bobette,Female,Khmer,L,92-6556695,Einti,Human Resources,Japanese,Rejoice International,A4
Cosimo,Male,Azeri,2XL,45-5822854,Rhynyx,Sales,Black or African American,"Janssen Pharmaceutical, Inc.",Silverado 3500
Trever,Male,Hebrew,XS,13-8901531,Gigashots,Services,Blackfeet,Medsep Corporation,Toronado
Raphael,Male,Hungarian,L,08-0157727,Devify,Accounting,Apache,Merck Sharp & Dohme Corp.,Maxima
Antons,Male,Kurdish,2XL,95-9513541,Tavu,Business Development,Polynesian,Bryant Ranch Prepack,Mulsanne
Brooke,Genderqueer,Catalan,S,38-4309915,Trilia,Training,Costa Rican,"Allergy Laboratories, Inc.",Land Cruiser
Neils,Male,Khmer,M,25-8781775,Feednation,Product Management,Pima,Shield Line LLC,Panamera
Toddy,Male,Khmer,M,02-7130445,Viva,Training,Cree,Teva Pharmaceuticals USA Inc,Probe
Alaine,Agender,Afrikaans,XS,68-0529713,Mydo,Engineering,Colombian,Ultra Seal Corporation,430
Amata,Genderqueer,Romanian,2XL,85-5647309,Gabvine,Business Development,Central American,"Watson Pharma, Inc.",Mark VIII
Westley,Male,Swedish,3XL,18-6842572,Demizz,Research and Development,Hmong,CHANEL PARFUMS BEAUTE,G
George,Agender,Belarusian,XS,20-6032381,Dynazzy,Product Management,Mexican,Bryant Ranch Prepack,Fortwo
Arnie,Male,Armenian,2XL,52-0260669,Thoughtbridge,Marketing,Polynesian,"CBI Laboratories, Inc",Charger
Wenona,Female,Arabic,XL,53-1217913,Pixonyx,Sales,Samoan,AGILA SPECIALTIES PRIVATE LIMITED,Starion
Delmor,Male,Hindi,2XL,34-3837578,Jabberstorm,Research and Development,Colville,"PD-Rx Pharmaceuticals, Inc.",3500
Olly,Female,Aymara,XL,60-0936765,Yabox,Support,Crow,Actavis Elizabeth LLC,Mazda3
Morey,Male,Spanish,L,78-0471777,Skynoodle,Support,Sri Lankan,CHANEL PARFUMS BEAUTE,9-2X
Hermione,Female,West Frisian,XL,92-2495316,Yabox,Marketing,Micronesian,Palmer Fixture Company,Grand Marquis
Fred,Male,Gujarati,XS,57-2173116,Buzzshare,Business Development,Latin American Indian,SHISEIDO AMERICAS CORPORATION,Mirage
Joceline,Female,Dhivehi,3XL,83-4041781,Brainsphere,Sales,Lumbee,Rebel Distributors Corp.,A4
Siusan,Female,Tsonga,M,84-3439133,Myworks,Engineering,Ute,REMEDYREPACK INC.,Outlander
Babb,Polygender,Tok Pisin,S,31-8685390,Blogtags,Product Management,Paraguayan,"Mallinckrodt, Inc.",Econoline E350
Duff,Male,Moldovan,L,57-9103808,Riffpath,Training,Latin American Indian,TOPCO ASSOCIATES LLC,Continental
Konstance,Female,Yiddish,XS,38-5568634,Photofeed,Sales,Blackfeet,"NATURE REPUBLIC CO., LTD.",Cooper
Barnett,Male,Guaraní,S,64-3399765,Edgeclub,Legal,Yakama,"Antigen Laboratories, Inc.",QX
Thedric,Male,Filipino,XL,18-9412589,Dablist,Support,Venezuelan,Mason Chemical Company,G-Class
Meta,Female,French,XL,94-2336346,Realcube,Business Development,Bolivian,"Watson Laboratories, Inc.",Cherokee
Cyrille,Male,Romanian,XS,88-7996387,Oba,Business Development,Kiowa,"Antigen Laboratories, Inc.",Corolla
Vance,Male,Armenian,XL,97-9456480,Jetpulse,Research and Development,Mexican,Washington Homeopathic Products,Versa
Johan,Male,Punjabi,XL,91-3271346,Thoughtbridge,Engineering,Eskimo,"Global Pharmaceuticals, Division of Impax Laboratories Inc.",Brougham
Robert,Male,Northern Sotho,S,27-8881123,Brightdog,Engineering,Thai,Western Family Foods Inc,STS-V
Anissa,Female,Hindi,S,05-1467475,Kayveo,Legal,Ottawa,"Preferred Pharmaceuticals, Inc",3500
Caro,Non-binary,Bosnian,M,95-1479132,Flashspan,Accounting,Osage,"Novartis Consumer Health, Inc.",370Z
Jermain,Male,Kashmiri,L,04-2347349,Yacero,Support,Tongan,Genuine Virgin Aloe Corporation,Amanti
Isobel,Female,Tajik,XS,15-8343973,Demivee,Accounting,Mexican,Teva Pharmaceuticals USA,745
Fianna,Female,Malay,M,81-2041272,Photolist,Marketing,Chippewa,ENCHANTE ACCESSORIES INC.,Avalanche
Laurella,Female,Fijian,M,89-4245631,Yakidoo,Research and Development,Osage,Yves Rocher North America Inc,S4
Roman,Male,Persian,XS,89-0889590,Skyvu,Sales,Iroquois,"Babor Cosmetics America, Corp.",LUV
Jacobo,Bigender,Zulu,L,32-0504582,Livetube,Services,Argentinian,Lake Erie Medical DBA Quality Care Products LLC,V70
Judon,Male,Ndebele,M,62-0881166,Topicblab,Engineering,Seminole,"Allergy Laboratories, Inc.",Mini Cooper
Ralf,Male,Assamese,2XL,26-3711735,Dabtype,Sales,Japanese,"Hospira, Inc.",Corsica
Natty,Female,Hungarian,L,44-1114950,Jaxworks,Human Resources,Taiwanese,Greenstone LLC,Concorde
Delainey,Male,Gagauz,M,17-3296597,Snaptags,Legal,Korean,Vanda Pharmaceuticals Inc.,Leaf
Tabby,Male,Arabic,M,79-1638460,Twimbo,Support,Salvadoran,"Kareway Product, Inc.",Accent
Frederich,Non-binary,Portuguese,M,04-5196164,Twitterlist,Accounting,Laotian,AMOREPACIFIC,G-Class
Quintilla,Female,Romanian,3XL,68-0942444,Voomm,Marketing,Lumbee,Barr Laboratories Inc.,Grand Cherokee
Mandie,Female,Papiamento,3XL,70-2359358,Brightbean,Engineering,Native Hawaiian and Other Pacific Islander (NHPI),L Perrigo Company,Golf
Rosita,Agender,Korean,3XL,30-1736787,Yombu,Support,Lumbee,"C.O. Truxton, Inc.",MX-5
Karena,Female,Dhivehi,XL,47-8641001,Yakidoo,Accounting,Tohono O'Odham,Pharmacia and Upjohn Company,Cube
Betteann,Female,Mongolian,S,94-3929989,Chatterpoint,Training,Kiowa,"Golden State Medical Supply, Inc.",Fiesta
Gray,Female,Lithuanian,XL,97-2367191,Flipbug,Sales,Central American,Topco Associates LLC,RVR
Skell,Male,Tamil,3XL,62-5547669,Jabbersphere,Support,Alaskan Athabascan,"Betco Corporation, Ltd.",Cavalier
Hewe,Male,Spanish,M,22-3441212,Meevee,Accounting,South American,REMEDYREPACK INC.,Envoy
Jessee,Male,Armenian,S,46-4237563,Myworks,Marketing,Guamanian,Rite Aid Corporation,G
Rosetta,Female,Bengali,XL,09-6989964,Vinte,Research and Development,Choctaw,Physicians Formula Inc,Land Cruiser
Phebe,Female,Spanish,M,01-7182761,Livetube,Engineering,Taiwanese,Sam's West Inc,Prius
Gabriello,Male,English,3XL,44-3608862,Jayo,Legal,Alaskan Athabascan,State of Florida DOH Central Pharmacy,B-Series Plus
Keith,Male,Mongolian,S,20-2817147,Yodoo,Engineering,Peruvian,Safeway Inc.,Sonata
Delly,Agender,West Frisian,S,39-8607715,Riffpath,Business Development,Tlingit-Haida,TRP Company,S6
Tasia,Female,Chinese,XS,60-9351647,Tazz,Marketing,Cherokee,Rite Aid,Camaro
Jephthah,Male,Sotho,XL,71-6368750,Flashset,Support,Native Hawaiian and Other Pacific Islander (NHPI),"General Injectables & Vaccines, Inc",TL
Shelley,Male,Lithuanian,XS,86-0444788,Wikizz,Research and Development,Colombian,"ALK-Abello, Inc.",CLS-Class
Inger,Genderqueer,Tsonga,S,18-8645111,Oyoloo,Engineering,Salvadoran,"Allermed Laboratories, Inc.",Journey
Camila,Female,Kyrgyz,XL,87-8305733,Eayo,Sales,Venezuelan,Pliva Inc.,M Roadster
Dougie,Genderfluid,Croatian,M,65-0664295,Einti,Human Resources,Latin American Indian,Major Pharmaceuticals,Ram 1500
Chance,Male,Belarusian,XS,65-0137089,Voonyx,Human Resources,Japanese,Uriel Pharmacy Inc.,Vanquish S
Gris,Agender,Papiamento,S,04-3347703,Skidoo,Research and Development,Thai,Sanum Kehlbeck GmbH & Co. KG,3000GT
Bertrand,Male,Bengali,XS,58-1925864,Yambee,Product Management,Asian,"APP Pharmaceuticals, Inc.",Beretta
Rory,Male,Italian,XS,15-9103082,Mydeo,Sales,Ottawa,"Nelco Laboratories, Inc.",612 Scaglietti
Annabal,Female,Swedish,2XL,23-2014086,Eare,Product Management,Salvadoran,Dr. Reddy's Laboratories Limited,Wrangler
Conn,Male,West Frisian,XL,86-0947848,Dabfeed,Accounting,Iroquois,Delon Laboratories (1990) Ltd,Talon
Willabella,Female,Greek,2XL,78-4701800,Quinu,Marketing,Spaniard,"Blenheim Pharmacal, Inc.",F450
Aurlie,Female,Belarusian,S,23-0982702,Photolist,Legal,Alaskan Athabascan,"ALK-Abello, Inc.",Viper
Rodrique,Male,Pashto,XS,95-4785899,Topicblab,Marketing,Seminole,A-S Medication Solutions LLC,B9 Tribeca
Angelico,Male,Czech,XS,34-0469528,Jayo,Engineering,Puerto Rican,Uriel Pharmacy Inc.,CC
Derril,Male,Aymara,M,45-9214797,Janyx,Human Resources,Melanesian,"PD-Rx Pharmaceuticals, Inc.",XK
Wain,Male,Croatian,XS,85-1294331,Jaxbean,Support,Samoan,"Amneal Pharmaceuticals of New York, LLC",E-Class
Gan,Male,Romanian,L,85-0351844,Oyoyo,Sales,Chilean,Topco Associates LLC,GS
Shaughn,Male,Malayalam,S,82-6124450,Yadel,Engineering,Delaware,JAFRA COSMETICS INTERNATIONAL,Montero
Romain,Male,Tok Pisin,XL,10-4770729,Jetwire,Research and Development,Potawatomi,Jubilant HollisterStier LLC,Altima
Samantha,Female,Czech,XS,30-0054587,Zoomcast,Human Resources,Apache,"Geiss, Destin & Dunn, Inc",Sentra
Thain,Male,Burmese,2XL,95-3826985,Tagpad,Accounting,Argentinian,Jubilant HollisterStier LLC,Econoline E150
Keelia,Female,Malayalam,2XL,51-6231555,Thoughtbeat,Sales,Hmong,Apotheca Company,R-Class
Brady,Male,Catalan,M,80-3632346,Jaxnation,Engineering,Cheyenne,Duane Reade,Aerostar
Cris,Male,Kyrgyz,XL,74-5044423,Realpoint,Product Management,Chippewa,Sanofi Pasteur Inc.,Equinox
Thornton,Male,Sotho,S,56-7839001,Kwilith,Training,Taiwanese,"GREAT LAKES WHOLESALE, MARKETING, & SALES, INC.",Express 1500
Sebastian,Male,Albanian,XS,95-9138417,Voolia,Support,Polynesian,McKesson,Rally Wagon 2500
Mace,Male,Hindi,S,63-9862493,Tazzy,Training,Cheyenne,CVS Pharmacy,Protege
Lauryn,Female,Kazakh,M,67-6591600,Gevee,Business Development,Venezuelan,Greenstone LLC,Silhouette
Willa,Female,Lao,S,04-1021252,Centizu,Engineering,Shoshone,"Smith & Nephew, Inc.",PT Cruiser
Donaugh,Male,Norwegian,S,21-6615073,Reallinks,Product Management,Sioux,Sandoz Inc.,Crosstour
Othello,Male,Ndebele,XL,71-9564022,Shufflebeat,Business Development,Hmong,"Physicians Total Care, Inc.",Maxima
Jerrilyn,Genderfluid,Latvian,L,33-1326433,Photobean,Support,Potawatomi,Sancilio & Company Inc,Sephia
Duffy,Male,Telugu,XS,52-1226305,Meetz,Sales,Samoan,Ducere Pharma,Esprit
Harley,Female,Hindi,2XL,82-7271823,Linkbuzz,Research and Development,Dominican (Dominican Republic),Molton Brown LTD,Boxster
Colly,Female,Indonesian,M,37-0189417,Tanoodle,Sales,Malaysian,"PD-Rx Pharmaceuticals, Inc.",Beetle
Liane,Female,Lithuanian,L,21-6028140,Realcube,Training,Pima,Uriel Pharmacy Inc.,Quest
Thalia,Female,Swahili,M,55-5600279,Layo,Legal,Samoan,"The Hain Celestial Group, Inc.",Hombre Space
Quincy,Male,Assamese,L,43-0357126,Wikido,Training,Cheyenne,"Native Remedies,",X6 M
Mickie,Male,Japanese,XL,31-0787193,Vinte,Marketing,Asian Indian,Natural Health Supply,Intrepid
Beryl,Female,Kurdish,XS,95-6971686,Izio,Services,Nicaraguan,Baxter Healthcare Corporation,E350
Gene,Male,Māori,S,27-0774229,Trupe,Business Development,Micronesian,Wockhardt Limited,Montero
Rosemaria,Female,Polish,3XL,33-0847634,Yambee,Legal,Cherokee,"SJ Creations, Inc.",Corvette
Renato,Male,Kyrgyz,XS,25-3467490,Divape,Human Resources,Cheyenne,Target Corporation,Prowler
Tamera,Female,Lithuanian,M,39-6926418,Meeveo,Accounting,Alaskan Athabascan,Total Resources International,Avalon
Valma,Female,Quechua,S,46-5414203,Demimbu,Training,Colville,Bryant Ranch Prepack,Bonneville
Ezechiel,Male,Italian,M,81-4986117,Blogtag,Accounting,Ecuadorian,"E.R. Squibb & Sons, L.L.C.",xB
Delmor,Male,Sotho,L,51-2097265,Topdrive,Human Resources,Bangladeshi,Actavis Mid Atlantic LLC,Routan
Lotty,Female,Arabic,M,68-4697717,Skyvu,Training,Colombian,"Glenmark Generics Inc., USA",HHR
Carmine,Female,Armenian,M,91-0553627,Rhyzio,Legal,Comanche,Worldwide Sales & Distribution Corp.,RSX
Billie,Male,Bosnian,XL,76-6589668,Feedbug,Marketing,Costa Rican,Cardinal Health,A3
Hakim,Male,Swahili,L,50-9993752,JumpXS,Human Resources,Native Hawaiian and Other Pacific Islander (NHPI),Aidarex Pharmaceuticals LLC,M3
Iain,Male,Malagasy,2XL,95-4305901,Yakijo,Human Resources,Lumbee,"Hospira, Inc.",Pajero
Stephine,Genderfluid,Hindi,XL,64-9641286,Oyope,Training,Yaqui,Direct Rx,Voyager
Clerc,Male,Bislama,XS,47-7941063,Rhynoodle,Services,Central American,M J Winston International Ltd..,Suburban 1500
Robbi,Bigender,Māori,2XL,71-1914437,Thoughtsphere,Engineering,Spaniard,Colgate-Palmolive Company,G8
Nan,Female,Icelandic,M,80-0525746,Gigaclub,Sales,Korean,Ranbaxy Pharmaceuticals Inc.,3 Series
Craggy,Male,Dhivehi,XS,28-6927527,Snaptags,Services,Spaniard,Publix Super Markets Inc,370Z
Stanly,Male,Somali,XS,34-8740769,Skinte,Training,Seminole,Lake Erie Medical DBA Quality Care Products LLC,Sedona
Leonelle,Female,Northern Sotho,S,65-0095228,Wordware,Sales,Cuban,"Autumn Harp, Inc.",Mini Cooper
Sibilla,Female,Czech,M,09-9497746,Yozio,Marketing,Asian Indian,GLENVIEW PHARMA INC.,Cougar
Jamil,Male,Azeri,2XL,94-1529237,Geba,Marketing,Tongan,Procter & Gamble Manufacturing Company,Jetta
Sophey,Female,Amharic,3XL,38-9993764,Wordify,Services,Tongan,"ALK-Abello, Inc.",APV
Radcliffe,Genderfluid,Nepali,S,03-5437327,Ntags,Legal,Spaniard,"Bath & Body Works, Inc.",Z4
Adair,Male,Kashmiri,3XL,35-8508529,Chatterbridge,Legal,Thai,McKesson,Avalon
Free,Male,Amharic,XS,75-5819027,Omba,Human Resources,Cheyenne,Merck Sharp & Dohme Corp.,Express 1500
Meredithe,Female,Finnish,S,37-2714937,Rhyzio,Support,Comanche,3M ESPE Dental Products,Cherokee
Jojo,Female,Estonian,3XL,92-0306261,Reallinks,Research and Development,Apache,Wal-Mart Stores Inc,Prizm
Glen,Female,Portuguese,L,28-5728487,Ooba,Research and Development,Chamorro,Family Dollar Services Inc.,X5
Frances,Female,Zulu,S,43-2593724,Yodo,Engineering,Colville,"Newton Laboratories, Inc.",850
Ursala,Female,Haitian Creole,S,45-6704397,Aivee,Training,South American,"PD-Rx Pharmaceuticals, Inc.",Spectra
Verne,Male,Luxembourgish,L,67-2892450,Voolith,Legal,Costa Rican,Teva Pharmaceuticals USA Inc,Camry
Ruthi,Female,Khmer,3XL,22-5557140,Voonyx,Sales,Asian,"Hospira, Inc.",Enclave
Rawley,Bigender,Lao,XS,41-4341735,Jetpulse,Engineering,Vietnamese,GIOVANNI COSMETICS INC,Rendezvous
Fonsie,Bigender,Maltese,L,82-6005502,Oyoba,Marketing,Paraguayan,"Nelco Laboratories, Inc.",Grand Cherokee
Brod,Male,Swahili,XL,85-3874519,Yombu,Sales,Iroquois,"MedVantx, Inc.",300ZX
Erwin,Male,Pashto,M,62-5225402,Minyx,Accounting,Alaska Native,"Results RNA, LLC",Escort
Tabb,Male,Khmer,XS,63-7893814,Avamba,Research and Development,Cherokee,GlaxoSmithKline Consumer Healthcare LP,300ZX
Cyril,Male,Burmese,L,57-3275761,Dynava,Services,Honduran,"Weeks & Leo Co., Inc.",Eclipse
Merwyn,Non-binary,Icelandic,2XL,27-5080250,Divape,Marketing,Ottawa,Target Corporation,Corrado
Berk,Male,Burmese,S,53-7522641,Flipopia,Human Resources,Houma,Mylan Pharmaceuticals Inc.,Hearse
Andromache,Female,Yiddish,XL,37-6691429,Bluezoom,Engineering,Cree,Be Better Networks,Savana
Zedekiah,Male,Latvian,S,56-0593657,Camido,Accounting,Tongan,"SEINDNI CO., LTD.",9-7X
Elise,Female,Bislama,S,97-2134639,Tagopia,Research and Development,Thai,Zeus Medical Holdings LLC,Laser
Petronella,Female,Kazakh,XL,24-9383155,Yabox,Support,Eskimo,"Nelco Laboratories, Inc.",Camaro
Iver,Male,Thai,2XL,87-2238906,Yodo,Product Management,Asian,Cardinal Health,Explorer
Herve,Male,Quechua,L,04-2033510,Flashdog,Engineering,Tongan,Aidarex Pharmaceuticals LLC,Cougar
Lucille,Female,Guaraní,2XL,39-9280011,Wikizz,Services,Hmong,Aurolife Pharma LLC,A3
Rorie,Female,Indonesian,3XL,36-1118803,Tavu,Engineering,Chamorro,"Nelco Laboratories, Inc.",626
Adler,Male,Gagauz,XL,56-0436119,Roombo,Marketing,Thai,Washington Homeopathic Products,Mighty Max
Aleksandr,Bigender,Lithuanian,M,89-3615993,Photojam,Research and Development,Spaniard,"Antigen Laboratories, Inc.",Malibu
Rollie,Male,Malayalam,3XL,14-1937240,Centizu,Engineering,White,Novo Nordisk,Miata MX-5
Genevieve,Female,Czech,3XL,25-6540801,Jaloo,Training,Micronesian,Greenstone LLC,Pacifica
Samuel,Male,Northern Sotho,S,88-8799749,Wikido,Accounting,Cherokee,"La Prairie, Inc.",B-Series
Vida,Female,Icelandic,2XL,89-7169767,Kwinu,Legal,Native Hawaiian,Parfums Christian Dior,Intrepid
Edie,Female,Finnish,2XL,25-3770475,Leexo,Services,Bolivian,"PD-Rx Pharmaceuticals, Inc.",Savana 1500
Mariellen,Female,Ndebele,L,55-8482438,Mydo,Marketing,Black or African American,RedPharm Drug Inc.,530
Amity,Female,Belarusian,M,72-8098471,Aibox,Training,Venezuelan,"AvKARE, Inc.",Firebird
Nadya,Female,Macedonian,XL,92-9799406,Kimia,Services,Houma,Energizer Personal Care LLC,Rodeo Sport
Dicky,Bigender,Tajik,S,32-5291506,Fadeo,Marketing,Colombian,"Dispensing Solutions, Inc.",TrailBlazer
James,Polygender,Persian,S,16-6080370,Oodoo,Human Resources,Venezuelan,Rebel Distributors Corp,Galant
Sutton,Male,Kurdish,2XL,47-3192606,Zazio,Legal,Cree,"Peaceful Mountain, Inc.",Crown Victoria
Joelie,Female,Irish Gaelic,L,96-0772150,Devcast,Business Development,Uruguayan,"Actient Pharmaceuticals, LLC",200
Joshuah,Male,Malayalam,XL,28-2010518,Shuffledrive,Marketing,Laotian,Aidarex Pharmaceuticals LLC,Yukon XL 2500
Galen,Male,Thai,L,00-1964097,Twimm,Product Management,Choctaw,China Ningbo Shangge Cosmetic Technology Corp.,Pajero
Moira,Female,Hindi,2XL,68-2686567,Fatz,Training,Laotian,Neutrogena Corporation,960
Jehu,Male,Chinese,XL,70-9564102,Thoughtstorm,Training,Venezuelan,Rebel Distributors Corp,Miata MX-5
Micki,Female,Mongolian,XL,55-0032103,Buzzdog,Research and Development,Houma,REMEDYREPACK INC.,Thunderbird
Jecho,Bigender,Zulu,M,58-1773247,Cogibox,Support,Shoshone,Cardinal Health,Corvette
Shane,Male,Assamese,XL,16-4598211,Yakitri,Accounting,Japanese,Sanum Kehlbeck GmbH & Co. KG,Ram Van 3500
Gill,Female,Burmese,2XL,05-2781662,Skivee,Legal,Peruvian,"Physicians Total Care, Inc.",Allroad
Rolfe,Male,Swati,L,29-3322909,Topdrive,Training,Chippewa,HEB,5000CS Quattro
Jim,Polygender,Italian,3XL,28-6304236,Skiba,Product Management,Native Hawaiian and Other Pacific Islander (NHPI),Homeocare Laboratories,LeMans
Irwinn,Agender,Dari,XS,74-7926467,Gabtype,Engineering,Paraguayan,Wyeth Pharmaceuticals Company,Suburban
Eryn,Female,Papiamento,M,25-5182398,DabZ,Services,Chinese,Rugby Laboratories,Raider
Oralie,Female,Tswana,L,71-2460423,Devpoint,Support,Guatemalan,"Laboratorios Dr. Collado, C x A.",LX
Page,Female,Montenegrin,M,92-7231013,Katz,Legal,Native Hawaiian,"Genentech, Inc.",3500
Sisely,Female,Yiddish,XL,63-4340505,Wordware,Sales,Venezuelan,Rite Aid Corporation,5 Series
Kalina,Female,German,XL,26-8524188,Oyoyo,Business Development,Eskimo,"Dental Technologies, Inc.",H2 SUV
Andre,Male,Bulgarian,2XL,52-4920549,Linktype,Sales,Laotian,"Lupin Pharmaceuticals, Inc.",Corvair
Carleton,Male,Hiri Motu,S,02-3442754,Babbleopia,Services,Uruguayan,Jouer Cosmetics LLC,Tiburon
Ranice,Female,Polish,XL,91-9609797,Meezzy,Business Development,Bangladeshi,"APP Pharmaceuticals, LLC",Aerostar
Barney,Male,Dhivehi,2XL,86-8158401,Rhynyx,Research and Development,Kiowa,Wockhardt Limited,Landaulet
Jordanna,Female,Greek,L,54-4307263,Eidel,Human Resources,Cuban,Sandoz Inc,1500
Saidee,Female,Dzongkha,3XL,98-2089357,Wordpedia,Support,Bolivian,"Nelco Laboratories, Inc.",Galant
Flin,Male,Kashmiri,3XL,22-4570503,Camimbo,Engineering,Honduran,HyVee Inc,F450
Roi,Male,Bislama,3XL,42-9481920,Babbleopia,Accounting,Ute,"Physicians Total Care, Inc.",Tacoma Xtra
Lars,Male,Tsonga,XS,72-1659858,Kayveo,Services,Cuban,"WESTERN FAMILY FOODS, INC.",Roadrunner
Dawn,Female,Assamese,XS,20-9279561,Feedfish,Legal,Yuman,Pharmacia and Upjohn Company,Explorer Sport
Forest,Male,Māori,L,58-0348407,Bluejam,Support,Pueblo,"Allergy Laboratories, Inc.",330
Allys,Female,Swati,XS,92-8075151,Voonyx,Business Development,Colville,King Bio Inc.,XK
Lizzie,Female,West Frisian,XL,42-0595021,Jayo,Research and Development,Fijian,Cardinal Health,Savana 3500
Issiah,Male,Georgian,3XL,46-2352370,Zoonder,Business Development,Filipino,American Health Packaging,Range Rover
Richard,Male,Telugu,S,23-5899711,Browseblab,Research and Development,Tohono O'Odham,"Neopharm Co,. Ltd",Vigor
Mariam,Female,Mongolian,XS,74-5884909,Photolist,Sales,Iroquois,Bryant Ranch Prepack,Montero
Paola,Female,Somali,3XL,91-8509903,Oyonder,Research and Development,Guatemalan,Rebel Distributors Corp,325
Karin,Bigender,Kashmiri,3XL,33-7474556,Jaxbean,Research and Development,Panamanian,"NATURE REPUBLIC CO., LTD.",F150
Anissa,Bigender,German,XS,90-2481746,Browsecat,Business Development,Crow,Bryant Ranch Prepack,Pathfinder
Maxie,Male,Dzongkha,M,71-4414931,Gigashots,Training,Chinese,"Elizabeth Arden, Inc",QX56
Erwin,Polygender,Tamil,3XL,29-5974381,Flipbug,Business Development,American Indian,"Physicians Total Care, Inc.",Ram 3500
Johannah,Female,Croatian,L,75-8472564,Topicshots,Training,Salvadoran,Rebel Distributors Corp,Cayenne
Pepito,Male,Assamese,3XL,53-1631341,Zoonder,Product Management,Vietnamese,"NCS HealthCare of KY, Inc dba Vangard Labs",Camaro
Dalenna,Female,Belarusian,S,75-2312296,Linklinks,Marketing,Cambodian,Ventura International LTD.,Elise
Carilyn,Female,Sotho,XL,06-5268407,Fliptune,Engineering,Ecuadorian,"Med-Health Pharma, LLC",Esperante
Susi,Female,Tok Pisin,XL,29-9720770,Tanoodle,Accounting,Paraguayan,Vi-Jon,RX Hybrid
Klarrisa,Female,Dari,2XL,83-6939558,Voomm,Product Management,Taiwanese,"Bestco, Inc.",Achieva
Sarge,Male,Maltese,M,74-9501023,Rhynyx,Business Development,Iroquois,Kmart Corporation,Cougar
Antonin,Male,Georgian,L,45-6243240,Brainlounge,Services,Kiowa,"SHISEIDO CO., LTD.",Lucerne
Thacher,Male,Hebrew,S,16-3400937,Photobug,Legal,Eskimo,"Antigen Laboratories, Inc.",F250
Wilbur,Male,Kashmiri,3XL,23-1687769,Photobean,Support,Dominican (Dominican Republic),Cardinal Health,Diamante
Wren,Female,Khmer,2XL,70-8515582,Ainyx,Marketing,Sioux,"Indiana Oxygen Company, Inc.",CR-V
Lacie,Agender,Punjabi,S,52-7864921,Oyoyo,Training,Ottawa,"EQUATE (Walmart Stores, Inc.)",Regal
Nikolaus,Male,Greek,3XL,03-1688661,Wikizz,Business Development,Seminole,Rebel Distributors Corp.,DeVille
Rikki,Female,Khmer,XL,32-7564185,Edgeclub,Training,Paiute,"Dolgencorp, LLC",SL-Class
Konstance,Female,Quechua,2XL,11-9424897,Twimm,Research and Development,Iroquois,"H.J. Harkins Company, Inc.",Accord
Guillema,Female,Irish Gaelic,3XL,28-1619367,Yodoo,Support,Puerto Rican,Afassco Inc.,Bravada
Arvin,Male,Bulgarian,L,67-1788792,Flipopia,Support,Native Hawaiian,Rebel Distributors Corp.,9-3
Obie,Male,Haitian Creole,2XL,38-1015485,Rhyzio,Engineering,Cree,"NANOPOLY CO., LTD.",Pajero
Dawn,Non-binary,West Frisian,3XL,88-2956028,Photospace,Services,Creek,Remedy Makers,Celica
Jameson,Male,Macedonian,M,35-8731423,Linklinks,Marketing,Crow,Rejoice International,Tribute
Kym,Female,Czech,L,70-2348624,Oyope,Product Management,Thai,"Ningbo Heyi Daily Chemical Products Co., Ltd.",Suburban 2500
Ginger,Male,Bislama,3XL,49-9909713,Topicstorm,Engineering,Native Hawaiian,"Liddell Laboratories, Inc.",DBS
Georges,Male,Punjabi,S,24-1465549,Skiptube,Services,Crow,REMEDYREPACK INC.,Highlander
Leshia,Female,Bengali,3XL,01-0102251,Linkbridge,Support,Puerto Rican,"WESTERN FAMILY FOODS, INC.",New Beetle
Moore,Male,Khmer,S,35-1352016,Brainbox,Human Resources,Honduran,"Gurwitch Products, LLC",Suburban 1500
Sanson,Male,Aymara,M,52-4346776,Blognation,Legal,Japanese,Procter & Gamble Manufacturing Company,Reatta
Mignon,Female,Dari,L,07-1921349,Topicshots,Accounting,Alaska Native,AbbVie Inc.,Galaxie
Marillin,Female,Luxembourgish,XS,13-5806082,Vinder,Accounting,Hmong,AvPAK,S-Class
Adrien,Male,Tok Pisin,L,80-4894991,Browsedrive,Sales,Pima,American Health Packaging,944
Gypsy,Female,Dzongkha,XS,10-7006888,Jaloo,Accounting,Comanche,"International Labs, Inc.",Precis
Rebe,Polygender,Bosnian,M,31-1874859,Dazzlesphere,Legal,Yaqui,Norwood Packaging Ltd.,Tribute
Clementius,Male,German,S,09-9156688,Eayo,Accounting,Sri Lankan,"Aphena Pharma Solutions - Tennessee, LLC",Passport
Kiri,Female,Zulu,2XL,44-4142281,Lazz,Sales,Cheyenne,West-Ward Pharmaceutical Corp,Bravada
Gino,Male,Korean,2XL,84-5603418,Oyonder,Training,Filipino,Wal-Mart Stores Inc,Tracker
Layla,Female,Icelandic,M,77-2385465,Pixonyx,Training,Guamanian,Macleods Pharmaceuticals Limited,Aerio
Drusy,Female,Albanian,XS,19-5301258,Voomm,Services,Cuban,St Marys Medical Park Pharmacy,NSX
Crissie,Female,Zulu,XS,12-3813607,Devshare,Services,Spaniard,Mylan Pharmaceuticals Inc.,M
Felic,Male,Korean,L,91-9724639,Minyx,Business Development,Argentinian,"Physicians Total Care, Inc.",Mountaineer
Etti,Female,Punjabi,XL,33-8438637,Yamia,Accounting,Black or African American,Phillips Company,CL-Class
Richart,Male,Swedish,M,71-8799471,Topiczoom,Business Development,Aleut,"NCS HealthCare of KY, Inc dba Vangard Labs",Town & Country
Saw,Male,Zulu,XL,26-2524442,Eare,Human Resources,Japanese,"MallyGirl, LLC",Axiom
Korney,Female,Spanish,XS,19-2841134,Thoughtbridge,Research and Development,Thai,Apotex Corp.,Tracker
Kermy,Male,Somali,2XL,72-5064166,Skinte,Legal,Salvadoran,CVS Pharmacy Inc,Neon
Gabriello,Male,Korean,XS,24-6416740,Mita,Legal,Sri Lankan,Purity Life Division of SunOpta Co.,Mustang
Dominic,Polygender,Italian,M,62-9305919,Blogtag,Sales,Peruvian,Lake Erie Medical DBA Quality Care Products LLC,Escalade
Fidelity,Female,Punjabi,XS,12-1438869,Yamia,Marketing,Iroquois,"Physicians Total Care, Inc.",5 Series
Branden,Male,Portuguese,XS,36-7892101,Voolia,Accounting,Mexican,"Watson Laboratories, Inc.",E150
Arnold,Male,Tswana,XS,11-6931703,Linklinks,Legal,Native Hawaiian and Other Pacific Islander (NHPI),Teva Pharmaceuticals USA Inc,Impreza
Even,Male,Burmese,M,84-7818607,Flipopia,Accounting,Korean,Kinray Inc,Accord
Peri,Female,New Zealand Sign Language,M,69-5488918,Wikizz,Research and Development,Honduran,"Physicians Total Care, Inc.",Continental Super
Elenore,Female,Ndebele,2XL,26-3754776,Demimbu,Business Development,Cambodian,Bristol-Myers Squibb Company,MX-5
Kacy,Female,Romanian,2XL,71-8399679,Zoozzy,Training,Nicaraguan,Uriel Pharmacy Inc.,C70
Lesli,Agender,English,XS,98-0015272,Yombu,Human Resources,Ecuadorian,"Nelco Laboratories, Inc.",Navigator
Eula,Female,Indonesian,3XL,85-5952267,Innojam,Marketing,Nicaraguan,"Eon Labs, Inc.",Mariner
Arline,Female,Indonesian,S,38-3979694,Gigabox,Human Resources,Puget Sound Salish,King Bio Inc,M Roadster
Davine,Female,Irish Gaelic,2XL,97-7690398,Zooxo,Training,Latin American Indian,Wakefern Food Corporation,TL
Claudetta,Female,Albanian,S,02-6978292,Photolist,Business Development,Choctaw,Save-A-Lot Food Stores Ltd,LSS
Darryl,Female,Tsonga,XS,37-8801966,Dynava,Engineering,Japanese,"Roxane Laboratories, Inc",Odyssey
Basilio,Male,Punjabi,L,50-6165553,Topiclounge,Sales,Yakama,Cardinal Health,Santa Fe
Dave,Male,Irish Gaelic,XL,11-5182703,Yakijo,Support,Crow,"General Injectables & Vaccines, Inc",Alero
Jacob,Male,Chinese,M,23-7414518,Eadel,Training,Asian,"Ajou Medics Co., Ltd",Century
Keith,Male,Mongolian,3XL,54-0021945,Kwinu,Accounting,Cuban,GERITREX CORP,Mustang
Kiley,Female,Quechua,XS,61-7069876,Bubbletube,Sales,Honduran,"Humco Holding Group, Inc.",Rogue
Arne,Male,Nepali,2XL,03-4956645,Thoughtblab,Engineering,Nicaraguan,"WFM Private Label, LP",F-Series
Gabrila,Female,Malay,L,02-5982545,Jetwire,Product Management,Ute,L'Oreal USA Products Inc,SJ
Marylee,Genderqueer,French,S,30-4143026,Jamia,Services,Pima,Hannaford Brothers Company,Accord
Kirsten,Agender,Chinese,S,39-3063981,Katz,Engineering,Eskimo,Cantrell Drug Company,Avalon
Mercie,Female,Kashmiri,2XL,21-3312568,Abatz,Legal,Vietnamese,"Genentech, Inc.",Neon
Charlena,Female,Oriya,S,59-0650943,Photolist,Business Development,Tlingit-Haida,Dr.Reddy's Laboratories Limited,Excel
Nikolaos,Male,Armenian,3XL,90-4004706,Mydo,Human Resources,Puerto Rican,BrandStorm HBC,Accord
Trevor,Male,Dutch,2XL,10-2340775,Shuffledrive,Human Resources,South American,Heritage Pharmaceuticals Inc.,Firefly
Missy,Female,Irish Gaelic,3XL,86-2840631,Cogilith,Support,Laotian,GlaxoSmithKline Consumer Healthcare LP,LR2
Nerita,Female,Dutch,L,06-0291177,Dazzlesphere,Product Management,Puget Sound Salish,State of Florida DOH Central Pharmacy,Coachbuilder
Sarette,Female,Dutch,3XL,21-2511186,Aivee,Accounting,Houma,"Deseret Biologicals, Inc.",F430
Kara-lynn,Female,Japanese,M,35-8448874,Riffpedia,Human Resources,Korean,Wockhardt Limited,Elantra
Marion,Male,Oriya,XL,85-2469120,Brainsphere,Research and Development,Cuban,DZA Brands LLC,Town Car
Terri,Female,Oriya,3XL,90-4676411,Meetz,Sales,Pakistani,Lake Erie Medical & Surgical Supply DBA Quality Care Products LLC,Mustang
Dannie,Female,Kannada,XS,94-4271389,Twinte,Training,White,"Antigen Laboratories, Inc.",Cavalier
Frederica,Genderfluid,Croatian,3XL,93-9382956,Skivee,Research and Development,Asian,CARDINAL HEALTH,G
Korie,Female,Dzongkha,XL,00-5451415,JumpXS,Research and Development,Nicaraguan,RedPharm Drug Inc.,Town & Country
Marlene,Female,Estonian,2XL,49-9403251,Skibox,Product Management,Polynesian,"Physicians Total Care, Inc.",Taurus
Terrye,Female,Dzongkha,XS,69-9058766,Meezzy,Human Resources,Cheyenne,Chain Drug Marketing Association,CT
Byron,Male,Afrikaans,2XL,76-5989579,Topicblab,Legal,Creek,HEB,Astro
Madelena,Female,Kannada,XS,96-9718600,Aimbu,Product Management,Colville,"Pharmaceutical Associates, Inc.",Exige
Kareem,Male,Khmer,M,99-6955773,Thoughtmix,Legal,Kiowa,HOMEOLAB USA INC.,Mazda3
Dougy,Male,Finnish,M,29-9123210,Bubblemix,Marketing,Puget Sound Salish,Neutrogena Corporation,S4
Frasquito,Male,Maltese,L,72-3794803,JumpXS,Sales,Yuman,"Dispensing Solutions, Inc.",Hombre Space
Tallie,Male,Telugu,2XL,92-8580019,Mybuzz,Training,Black or African American,Gen-Source Rx,Explorer
Frannie,Male,Persian,L,15-5940370,Topicblab,Human Resources,Honduran,"Century Pharmaceuticals, Inc.",DBS
Tony,Female,Irish Gaelic,S,97-6085161,Topicshots,Sales,Crow,Spayable Energy LLC,Touareg
Nessie,Female,Fijian,XS,90-2997418,Yadel,Marketing,South American,"Newton Laboratories, Inc.",Envoy
Cecil,Male,Quechua,M,54-5188817,Twitternation,Services,Malaysian,REMEDYREPACK INC.,Protege
Bram,Male,German,S,43-1304581,Blogspan,Legal,Puget Sound Salish,"Dispensing Solutions, Inc.",Dakota Club
Barton,Male,Icelandic,2XL,39-2889434,Oba,Services,Puget Sound Salish,REMEDYREPACK INC.,MX-6
Isabella,Female,Swati,3XL,27-3017521,Twinte,Marketing,Colombian,Rebel Distributors Corp,Enclave
Sydney,Non-binary,Hindi,XL,98-0099559,Topicware,Support,Melanesian,Rite Aid Corporation,Odyssey
Corbett,Male,Burmese,XS,19-0985738,Eidel,Research and Development,Ute,Premier Brands of America Inc.,Armada
Danette,Female,Dhivehi,2XL,90-9931012,Demimbu,Sales,Laotian,Amneal Pharmaceuticals,Cordia
Traver,Male,Malay,2XL,22-9763847,Topicblab,Services,American Indian,Sandoz Inc,GranSport
Joel,Male,Tetum,3XL,75-0852537,Jaxspan,Human Resources,South American,Rebel Distributors Corp,Supra
Leesa,Female,Mongolian,M,96-1042643,JumpXS,Support,Fijian,Mylan Institutional Inc.,5 Series
Melanie,Female,Estonian,L,19-0240775,Photofeed,Training,Guamanian,"Idelle Labs, Ltd",Regal
Dita,Female,Somali,L,32-4766149,Fliptune,Marketing,Native Hawaiian and Other Pacific Islander (NHPI),CLINIQUE LABORATORIES INC,Safari
Karla,Female,Japanese,L,66-1210223,Lajo,Human Resources,Shoshone,Cardinal Health,G25
Meryl,Agender,Swati,S,70-2615666,Kanoodle,Human Resources,Indonesian,"Preferred Pharmaceuticals, Inc",Trans Sport
Myrna,Female,German,L,67-1746345,Livefish,Sales,Chickasaw,"C.B. Fleet Company, Inc.",Aerostar
Leanor,Female,Malay,M,49-0026491,Twitterbeat,Human Resources,Latin American Indian,"NATURE REPUBLIC CO., LTD.",5000CS
Broderick,Male,Kurdish,XS,82-2493049,Flashdog,Research and Development,Salvadoran,Laboratorios Genesse SL,Laser
Patrice,Genderqueer,Quechua,XL,38-0630508,Twitterworks,Engineering,Yakama,REMEDYREPACK INC.,Corvette
Ortensia,Female,Papiamento,3XL,37-7095794,Youfeed,Product Management,Tohono O'Odham,Kroger Company,LS
Joanna,Female,Finnish,XL,63-6963807,Jabberbean,Support,Peruvian,"GRIFOLS USA, LLC",GTO
Lian,Female,Guaraní,L,31-4625430,Realcube,Business Development,Puerto Rican,Walgreens,Verona
Ennis,Male,Ndebele,XS,81-6126670,Miboo,Accounting,American Indian and Alaska Native (AIAN),Crosstex International Inc.,911
Nady,Agender,Amharic,L,53-8747417,Eadel,Marketing,Cambodian,Baxter Healthcare Corporation,A5
Dinny,Female,Moldovan,2XL,55-0999558,Mita,Product Management,Japanese,"Allergy Laboratories, Inc.",Tracer
Manda,Female,Amharic,2XL,64-6357762,Jamia,Engineering,Crow,Advance Pharmaceutical Inc.,IS
Bart,Male,Filipino,M,00-8917441,Realbridge,Research and Development,Paiute,"WESTERN FAMILY FOOD, INC.",Avenger
Debby,Female,Indonesian,2XL,60-6580242,Kazu,Research and Development,Micronesian,"H.J. Harkins Company, Inc.",GT-R
Francis,Male,Hiri Motu,3XL,94-1181210,Feedfire,Support,Panamanian,"NATURE REPUBLIC CO., LTD.",Civic
Kristoforo,Male,Mongolian,XS,09-9826403,Eabox,Training,Delaware,Apotex Corp,Continental Flying Spur
Amy,Female,Nepali,M,03-8635190,Plambee,Product Management,American Indian and Alaska Native (AIAN),Laboratoires Clarins S.A.,G-Series G30
Curran,Male,Tsonga,M,72-9738688,Realcube,Engineering,Sri Lankan,"Eon Labs, Inc.",Tundra
Farlee,Male,New Zealand Sign Language,XL,05-0744622,Zava,Legal,Panamanian,Kinray Inc,Mazdaspeed 3
Olenka,Female,Maltese,XL,01-2354823,Zooveo,Marketing,Bolivian,"Preferred Pharmaceuticals, Inc",Mustang
Calida,Female,Malay,M,97-6984140,Devify,Product Management,Micronesian,NARS COSMETICS,HHR Panel
Claudetta,Female,Japanese,XS,13-9644165,Kayveo,Human Resources,Malaysian,Home Sweet Homeopathics,Taurus
Bordy,Male,Danish,M,33-0193792,Kamba,Business Development,Osage,Wal-Mart Stores Inc,Durango
Augusta,Female,Gujarati,XS,47-2819145,Digitube,Product Management,Taiwanese,"MSD Consumer Care, Inc.",Freestar
Carl,Male,Burmese,L,57-4302337,Browsebug,Product Management,Cherokee,Apotex Corp,Mazda6 5-Door
Cleve,Male,Tok Pisin,2XL,24-4437595,Vinder,Support,Laotian,Apotheca Company,Montero
Burgess,Male,Latvian,2XL,99-8515324,Photojam,Human Resources,Asian Indian,"Ningbo Dowland Daily Health Co., Ltd",Grand Cherokee
Dennie,Genderqueer,Armenian,L,50-7069533,Viva,Human Resources,Crow,"Roxane Laboratories, Inc",Festiva
Gunner,Male,Czech,2XL,22-5004441,Fivespan,Sales,Navajo,Citron Pharma LLC,Camaro
Kati,Genderqueer,Afrikaans,M,85-9482988,Eire,Product Management,Peruvian,West-Ward Pharmaceutical Corp,Mustang
Cary,Male,Italian,XL,25-6401572,Jetwire,Sales,Taiwanese,"Physicians Total Care, Inc.",Lancer
Shirline,Female,Latvian,XS,63-1147668,Eazzy,Accounting,South American,Protein Sciences Corporation,Compass
Vergil,Male,Bulgarian,L,38-3184265,Browsecat,Training,Uruguayan,Bare Escentuals Beauty Inc.,Windstar
Sargent,Male,Ndebele,XL,34-5752860,Edgewire,Engineering,Sri Lankan,"Genentech, Inc.",Diamante
Cleo,Female,Norwegian,S,13-9140945,Rhynoodle,Engineering,Fijian,Major Pharmaceuticals,Mountaineer
Verile,Female,Korean,3XL,12-5125100,Realpoint,Human Resources,Pueblo,Mylan Institutional Inc.,Expedition
Eunice,Female,Czech,S,92-5470495,Innotype,Accounting,Ecuadorian,HOMEOLAB USA INC.,1 Series
Gabriele,Male,Greek,M,15-7409416,Skimia,Accounting,Melanesian,Citron Pharma LLC,F350
Verne,Male,Georgian,S,15-1494512,Riffwire,Legal,Fijian,"OMP, INC.",Continental GT
Merill,Male,Quechua,XL,32-7281045,Jaxspan,Human Resources,Latin American Indian,Performance Health LLC,940
Hirsch,Male,Gujarati,M,38-9513083,Tazzy,Research and Development,American Indian,Own Products Inc.,Mirage
Ollie,Female,Romanian,S,60-2771635,Cogibox,Human Resources,Tlingit-Haida,Seton Pharmaceuticals,Outback
Shelbi,Genderfluid,Polish,L,59-2802380,Browsecat,Business Development,Navajo,"Dolgencorp, LLC",E-Series
Alaric,Male,Sotho,M,16-1166108,Tavu,Support,Guamanian,Freds Inc,Ranger
Brandy,Bigender,Tswana,3XL,17-6013896,Gabtype,Product Management,Vietnamese,"PD-Rx Pharmaceuticals, Inc.",Bronco II
Demetri,Male,Khmer,XL,64-1475939,Edgewire,Legal,Tongan,HyVee Inc,Crown Victoria
Hallie,Female,Luxembourgish,2XL,54-0019412,Eazzy,Business Development,Uruguayan,Uriel Pharmacy Inc.,9-3
Lauritz,Male,Dhivehi,S,56-1790953,Gabspot,Marketing,Thai,"Physicians Total Care, Inc.",Eclipse
Derrek,Male,West Frisian,2XL,31-7576558,Aimbo,Services,Bolivian,"Synthon Pharmaceuticals, Inc.",Sentra
Lorette,Female,English,M,65-9793913,Abatz,Support,Central American,DZA Brands LLC,900
Emlynn,Female,Moldovan,XL,97-2020441,Kwilith,Product Management,Indonesian,"CIMA Laboratories, Inc.",Dakota
Rog,Non-binary,Hebrew,XL,75-8458809,Oyope,Research and Development,Honduran,AmerisourceBergen (Good Neighbor Pharmacy) 46122,Montero
Homere,Male,Tetum,S,00-3270684,Blognation,Marketing,Paiute,"MedVantx, Inc.",Ram 3500
Misha,Female,Romanian,L,89-6561540,Wordpedia,Support,Chickasaw,American Health Packaging,Corrado
Ofilia,Female,Swati,2XL,11-8865251,Skidoo,Services,Yuman,Pfizer Laboratories Div Pfizer Inc,Blazer
Verina,Female,Aymara,XL,15-3615031,Yata,Human Resources,Malaysian,Nash Finch Company,LS
Venita,Female,Luxembourgish,XS,53-4939933,Zoomcast,Legal,Indonesian,REMEDYREPACK INC.,Firebird
Sisile,Female,Northern Sotho,XS,93-7069042,Gabtune,Support,Potawatomi,Topco Associates LLC,Pajero
Elonore,Female,Estonian,S,01-3053631,Ainyx,Product Management,Honduran,Guthy-Renker LLC,Rondo
Charley,Male,Burmese,M,58-5874473,Tagpad,Marketing,Black or African American,"Nelco Laboratories, Inc.",Sundance
Tyrone,Male,Filipino,XS,37-8082159,Roodel,Accounting,Paiute,Organon USA Inc.,IS-F
Annabelle,Female,Lithuanian,S,67-2898764,Voolith,Business Development,Choctaw,TOPCO ASSOCIATES LLC,Blazer
Gisela,Polygender,Kashmiri,S,69-0384874,Zazio,Accounting,Chickasaw,"Yuyao Jessie Commodity Co.,Ltd.",Spectra
Carlene,Female,Amharic,2XL,43-4196918,Oloo,Research and Development,Laotian,STAT RX USA LLC,911
Glynda,Female,Marathi,3XL,61-6020852,Plajo,Product Management,Sri Lankan,McKesson Medical-Surgical Inc.,Bronco
Erich,Male,Malayalam,XL,36-3114568,Jabbersphere,Business Development,Samoan,Prasco Laboratories,F-Series
Elie,Female,Dzongkha,S,91-2440428,Realcube,Services,Lumbee,REMEDYREPACK INC.,Yukon XL 1500
Joscelin,Female,Northern Sotho,2XL,61-8386327,Babbleset,Research and Development,Tohono O'Odham,"Antigen Laboratories, Inc.",Yukon XL
Maxwell,Male,Amharic,3XL,69-7878501,Dynabox,Human Resources,Peruvian,Coghlan's Ltd.,4Runner
Jorgan,Male,Aymara,S,26-3173233,Kwilith,Sales,Laotian,mybody,Legacy
Izabel,Female,Moldovan,XS,26-4753319,Dablist,Services,Asian,"Medline Industries, Inc.",GS
Ettore,Male,Mongolian,XS,54-2831836,Jamia,Support,Chickasaw,"Newton Laboratories, Inc.",TL
Eilis,Female,Dutch,XL,23-6605274,Riffwire,Legal,Potawatomi,Carilion Materials Management,Caravan
Jennee,Female,Tajik,3XL,00-2564834,Realbridge,Legal,Paraguayan,Owens and Minor,Rodeo
Randie,Male,Kannada,3XL,09-8268900,LiveZ,Engineering,Potawatomi,Breakthrough Products Inc.,Ram 3500
Cob,Male,Moldovan,3XL,23-0242646,Abatz,Accounting,Cambodian,Roerig,Tercel
Alric,Male,Māori,XL,24-9116977,Oyope,Human Resources,Korean,"Greenbrier International, Inc.",Esprit Turbo
Nikolai,Male,Chinese,XL,79-6319248,Blognation,Training,Venezuelan,Amgen Inc,E-Class
Morissa,Female,Swedish,L,51-2338283,Wordify,Training,Cheyenne,SAM'S WEST INC.,GTO
Pepito,Male,Malagasy,M,72-6670593,Realpoint,Marketing,Cree,"NCS HealthCare of KY, Inc dba Vangard Labs",Sportage
Berte,Female,Tswana,L,13-4831972,Jaxnation,Accounting,Colombian,Atlantic Welding Supply,Express 1500
Winfred,Male,Tswana,3XL,89-3427204,Rhycero,Services,Sioux,Premier Value,Maxima
Selle,Female,Arabic,XS,48-6993182,Kwilith,Training,Dominican (Dominican Republic),CVS Pharmacy,Intrigue
Joline,Female,Swati,3XL,60-2273008,Linkbuzz,Training,Cuban,"Cosmetic Specialty labs, Inc.",Camaro
Paola,Female,Punjabi,M,95-6451784,Meevee,Accounting,Eskimo,Novartis Pharmaceuticals Corporation,Sierra 1500
Nora,Non-binary,Georgian,2XL,71-1608752,Muxo,Accounting,Cheyenne,"Ventura Corporation (San Juan, P.R)",Cabriolet
Marylou,Female,Dhivehi,XL,00-6539432,Buzzster,Legal,Iroquois,"Halogent, LLC (DBA Exposed Skin Care)",S10
Arabele,Female,Spanish,M,86-1571164,Brainverse,Accounting,Asian Indian,E. Fougera & Co. a division of Fougera Pharmaceuticals Inc.,Savana 1500
Shannen,Female,Bengali,S,84-1228047,Twitterwire,Engineering,Yaqui,Lake Erie Medical & Surgical Supply DBA Quality Care Products LLC,GTI
Emmy,Female,West Frisian,XL,54-5263987,Quire,Product Management,Alaska Native,Merck Sharp & Dohme Corp.,Town & Country
Marianne,Female,West Frisian,S,53-5089784,Skynoodle,Sales,Polynesian,Contract Pharmacy Services-PA,Catera
Fax,Male,Armenian,L,36-7512156,Browsedrive,Research and Development,Houma,Cardinal Health,Frontier
Victoir,Male,Chinese,L,85-4704708,Zoozzy,Support,Dominican (Dominican Republic),ACS Medical LLC,Tracer
Blaire,Female,Northern Sotho,2XL,80-7253913,Eabox,Support,Uruguayan,Conopco Inc. d/b/a Unilever,1 Series
Saundra,Male,Tamil,XS,75-0085329,Zoomcast,Accounting,Japanese,"Melaleuca, Inc",Grand Prix
Mickie,Female,Azeri,XL,21-3000651,Mydo,Product Management,Venezuelan,Washington Homeopathic Products,Armada
Goddart,Male,Bislama,M,14-7351795,Realblab,Training,Yakama,Euphrasia,xB
Ricardo,Male,Italian,2XL,17-9500735,Blogspan,Business Development,Micronesian,"Dispensing Solutions, Inc.",DeVille
Jedediah,Male,Yiddish,2XL,92-9771757,Agivu,Training,Cuban,REMEDYREPACK INC.,Avenger
Gayelord,Male,Finnish,XL,04-0251901,Divanoodle,Accounting,Japanese,A-S Medication Solutions LLC,3000GT
Jaime,Female,Malayalam,XS,32-5082107,Wordify,Engineering,Cherokee,Amerisource Bergen,Monterey
Bernie,Male,Czech,L,06-4623118,Oyope,Accounting,Nicaraguan,HARMON STORES INC.,Yukon
Angel,Female,Hungarian,3XL,04-6188190,Kwideo,Research and Development,Houma,"Roberts Oxygen Company, Inc.",Town Car
Yoko,Female,Catalan,2XL,04-6888166,Quinu,Human Resources,Polynesian,Bare Escentuals Beauty Inc.,Matrix
Horatio,Male,Thai,S,51-3383142,DabZ,Business Development,American Indian and Alaska Native (AIAN),DIRECT RX,Ram Van 1500
Cyrillus,Male,Ndebele,3XL,68-4138631,Feedfish,Training,Kiowa,"Stratus Pharamceuticals, Inc",Pilot
Brande,Female,English,XS,47-1742230,Fatz,Legal,Ottawa,"Suneva Medical, Inc.",Rodeo
Scarlet,Female,Croatian,M,46-9354457,Flipbug,Sales,Micronesian,Merck Sharp & Dohme Corp.,Toronado
Tally,Female,Khmer,2XL,81-0655062,Kwilith,Business Development,Dominican (Dominican Republic),WeCare Medical LLC,M3
Shalna,Female,Swedish,XL,95-5936984,Edgeclub,Engineering,Korean,L Perrigo Company,Cutlass
Ailsun,Female,Kashmiri,3XL,19-3393712,Quamba,Product Management,Black or African American,"American Regent, Inc.",B-Series
Chico,Male,Albanian,M,81-1810941,Quamba,Business Development,Comanche,"ALK-Abello, Inc.",GTO
Sibley,Female,Indonesian,XS,23-0184259,Ntag,Support,Chamorro,"ALK-Abello, Inc.",7 Series
Eileen,Female,Thai,3XL,56-5115967,Edgeify,Engineering,Seminole,"SAVE-A-LOT FOOD STORES, LTD.",Z8
Christalle,Female,Macedonian,M,14-0577066,Meedoo,Human Resources,Black or African American,"Physicians Total Care, Inc.",Venture
Charlotte,Female,Azeri,M,55-2225883,Innojam,Marketing,White,Dr. Reddy's Laboratories Limited,Quattroporte
Mellisa,Genderqueer,Burmese,M,95-3664487,Avaveo,Product Management,Seminole,REMEDYREPACK INC.,Azure
Vail,Male,Malay,M,96-6376237,Yata,Business Development,Apache,"H and P Industries, Inc. dba Triad Group",G
Elmira,Female,Arabic,3XL,78-6971269,Skyvu,Research and Development,Taiwanese,Neutrogena Corporation,Leganza
Mellisent,Agender,Ndebele,L,28-1206713,Oyoloo,Human Resources,Houma,"Alva-Amco Pharmacal Companies, Inc.",Sebring
Emlen,Male,Armenian,L,50-0239298,Meembee,Training,Tongan,"Physicians Total Care, Inc.",Vandura G2500
Yard,Male,Quechua,M,24-1040418,Feedbug,Sales,Hmong,Sandoz Inc,Yukon
Barclay,Male,Fijian,S,15-9449444,Devbug,Product Management,Guatemalan,TRIZ LABORATORIES LTD,Forester
Normie,Genderqueer,Catalan,XL,75-8579486,Livefish,Human Resources,American Indian,Teva Pharmaceuticals USA Inc,Express 2500
Agneta,Non-binary,English,M,11-8090858,Realblab,Training,South American,Rebel Distributors Corp,CX-7
Amii,Female,Estonian,XL,96-9864102,Fliptune,Legal,Choctaw,"Excellium Pharmaceutical, Inc.",Challenger
Evonne,Female,Croatian,XL,65-6583516,Camimbo,Product Management,Comanche,CHANEL PARFUMS BEAUTE,Seville
Galvan,Genderqueer,Quechua,2XL,61-3032401,Pixonyx,Accounting,Colombian,Alexso Inc.,Landaulet
Honor,Female,Quechua,M,32-2644173,Eare,Support,Menominee,"Nelco Laboratories, Inc.",Express 1500
Nicoline,Female,Macedonian,2XL,11-4170628,Mita,Training,Spaniard,Baxter Healthcare Corporation,Caravan
Morgan,Female,Hindi,XL,80-2550462,Demimbu,Engineering,Melanesian,SHISEIDO AMERICA INC.,E-Class
Clerissa,Female,Portuguese,2XL,53-9006673,Digitube,Services,Ecuadorian,"ALK-Abello, Inc.",Econoline E350
Valentijn,Male,Italian,XL,94-1147946,Zoomcast,Accounting,Peruvian,Home Sweet Homeopathics,Matrix
Ax,Male,Romanian,XL,72-6352048,Lajo,Accounting,Colombian,"Hikma Americas, Inc.",Econoline E350
West,Male,Gagauz,S,02-6703735,Brainverse,Engineering,Malaysian,"Eon Labs, Inc.",Corvette
Gilberto,Male,Polish,L,86-2218080,Thoughtstorm,Legal,Taiwanese,Rebel Distributors Corp.,Montero Sport
Doy,Male,Persian,XS,11-0665985,Jaxnation,Training,Uruguayan,Rubbermaid Commercial Products LLC,Pathfinder
Kingston,Male,Georgian,XL,15-0643313,Skinte,Sales,Yuman,"Nova Homeopathic Therapeutics, Inc.",Escort
Redd,Male,Bislama,2XL,51-3469327,Trupe,Sales,Alaskan Athabascan,"Eon Labs, Inc.",Journey
Walther,Male,Bengali,L,94-8227601,Riffpedia,Research and Development,American Indian and Alaska Native (AIAN),Apotex Corp,Exige
Burlie,Male,Maltese,XS,63-3883742,Youspan,Business Development,Alaskan Athabascan,King Bio Inc.,Ram Wagon B250
Johanna,Female,Tok Pisin,3XL,27-9262233,Gigashots,Research and Development,Puget Sound Salish,"Nature's Way Products, Inc.",Millenia
Brenden,Male,Aymara,S,88-4741191,Linktype,Accounting,Filipino,REMEDYREPACK INC.,300SL
Gabbi,Agender,Somali,L,55-2554075,Skinder,Business Development,Peruvian,Baxter Healthcare Corporation,Park Avenue
Jorie,Female,Hebrew,XS,51-5260445,Avamba,Training,Asian,Teva Pharmaceuticals USA Inc,Dakota
Maighdiln,Genderqueer,Telugu,XL,96-7360997,Browseblab,Engineering,Asian,"PD-Rx Pharmaceuticals, Inc.",X-Type
Levon,Bigender,Telugu,XS,22-5878741,Vidoo,Engineering,Sri Lankan,Aidarex Pharmaceuticals LLC,80
Giovanni,Male,Kazakh,2XL,50-4089203,Layo,Support,Sioux,"MedVantx, Inc.",Camaro
Milo,Male,Ndebele,XS,15-2600831,Aimbu,Support,Panamanian,REMEDYREPACK INC.,Corolla
Dionysus,Male,Chinese,L,47-9044320,Oyope,Marketing,Blackfeet,"Papermates, Inc. dba Noteworthy",MDX
Moore,Male,Swedish,XS,20-6402826,Wikizz,Marketing,Micronesian,"MedVantx, Inc.",LeSabre
Norma,Genderfluid,Croatian,L,84-7897087,Browsezoom,Support,Tongan,McKesson Medical-Surgical Inc.,Lancer Evolution
Emmet,Male,Māori,L,07-4944463,Fliptune,Engineering,Ute,"Weeks & Leo Co., Inc.",MKX
Galen,Polygender,Northern Sotho,XS,30-5944821,Browsebug,Sales,Hmong,"ALK-Abello, Inc.",Quest
Loralie,Female,Lao,S,73-7337705,Ooba,Sales,Fijian,H E B,300CE
Lin,Male,Sotho,XL,85-8634290,Dazzlesphere,Services,Potawatomi,Kosan Kozmetik Sanayi ve Ticaret A.S.,Century
Osbourne,Male,Gujarati,XL,14-5769870,Skippad,Accounting,Ottawa,Prometheus Laboratories Inc.,CLS-Class
Flora,Female,Oriya,L,47-9486705,Yoveo,Legal,Pueblo,"Lupin Pharmaceuticals, Inc.",626
Berta,Female,Kurdish,M,09-9090431,Eare,Engineering,Vietnamese,SHISEIDO AMERICA INC.,MKS
Joli,Female,Ndebele,3XL,06-9735571,Photospace,Legal,Chinese,Universal holdings I LLC dba Smith Brothers Company,Camaro
Cherye,Agender,Fijian,M,38-6357786,Voonte,Legal,Pima,STAT Rx USA LLC,Discovery Series II
Lainey,Female,Bislama,L,55-0531849,Jaxspan,Sales,Latin American Indian,"Nelco Laboratories, Inc.",Spider
Karolina,Female,Dhivehi,S,38-1728912,Skiptube,Business Development,Apache,"Watson Laboratories, Inc.",Prelude
Mortie,Male,Nepali,3XL,37-5046886,Einti,Marketing,Pueblo,Supervalu Inc,XK Series
Goldarina,Female,Indonesian,XL,92-8805254,Skalith,Human Resources,Choctaw,REMEDYREPACK INC.,Grand Cherokee
Mendie,Male,Armenian,XS,43-6604168,DabZ,Engineering,Uruguayan,"Jiangsu Province JianErKang Medical Dressing Co. ,Ltd.",Quest
Eldredge,Male,Tsonga,XL,72-4375514,Skyndu,Marketing,Spaniard,Aidarex Pharmaceuticals LLC,3500
Juditha,Female,Italian,S,18-8522744,Oba,Services,Eskimo,REMEDYREPACK INC.,LTD Crown Victoria
Jarrod,Male,Macedonian,S,53-3955648,Fiveclub,Product Management,Delaware,"Alkermes, Inc.",Xterra
Gerek,Male,Mongolian,3XL,78-5667030,Trunyx,Sales,Alaskan Athabascan,King Bio Inc.,Sable
